,Neighborhood,Market,Purchase Price,Finished Lot Value,Lot Count,Community Count,Seller,Buyer,Site Condition,Entitlement Status,Close Date,Year,Name,City,State,Zip Code,Market Tier,Sub-Market,Lat,Long,Size,Color,xs,ys
0,Forest Boundary 50,Corona,4475000,210000.0,50,1,Rancho Way LLC,Griffin Residential,Unimproved,Improvement Plans,2017-12-22,2017,Corona,Corona,CA,92882,A,Northwest,33.875295,-117.566445,24,#31AADE,2017-12-22,210000.0
1,Creekside,Winchester,5000000,115000.0,141,1,Lansing Companies,KB Home,Finished,Final Map,2017-12-22,2017,Winchester,Winchester,CA,92596,C,Central Valley,33.719382,-117.06328500000001,24,#31AADE,2017-12-22,115000.0
2,Audie Murphy Ranchs PA 10 &14,Menifee | South,10200000,162500.0,88,1,Brookfield Residential,DR Horton,Finished,Improvement Plans,2017-12-13,2017,Menifee | South,Menifee,CA,92584,C,Central Valley,33.627179999999996,-117.16,24,#31AADE,2017-12-13,162500.0
3,The Hideaway,Hemet,7350000,95000.0,193,2,Strata Equity Group,RSI Communities,Finished,Final Map,2017-12-07,2017,Hemet,Hemet,CA,92545,C,East Valley,33.778562,-117.03576699999999,24,#31AADE,2017-12-07,95000.0
4,Summit Crest II,Fontana | North,9400000,200000.0,94,1,Stratham Group,RSI Communities,Unimproved,Final Map,2017-12-01,2017,Fontana | North,Fontana,CA,92336,B,North,34.133412,-117.45,24,#31AADE,2017-12-01,200000.0
5,Turtle Ranch,French Valley,2150000,175000.0,51,1,Javin Investments,KB Home,Unimproved,Improvement Plans,2017-12-01,2017,French Valley,French Valley,CA,92563,B,Temecula Valley,33.59941,-117.109172,24,#31AADE,2017-12-01,175000.0
6,Spencers Crossing PAs 26 & 31,French Valley,12750000,165000.0,108,1,Brookfield Residential,KB Home,Finished,Final Map,2017-12-01,2017,French Valley,French Valley,CA,92563,B,Temecula Valley,33.59941,-117.109172,24,#31AADE,2017-12-01,165000.0
7,Summit at Rosena,Fontana | North,43000000,180000.0,856,9,JW Mitchell Land Co,CalAtlantic,Unimproved,Tentative Tract Map,2017-11-22,2017,Fontana | North,Fontana,CA,92336,B,North,34.133412,-117.45,24,#31AADE,2017-11-22,180000.0
8,Spencers Crossing PA 24,French Valley,9307000,153500.0,82,1,Brookfield Residential,Pardee Homes,Finished,Final Map,2017-11-15,2017,French Valley,French Valley,CA,92563,B,Temecula Valley,33.59941,-117.109172,24,#31AADE,2017-11-15,153500.0
9,Menifee Town Center PA 1,Menifee | South,9748500,127480.0,151,1,Regent Properties,RSI Communities,Partially Improved,Improvement Plans,2017-11-15,2017,Menifee | South,Menifee,CA,92584,C,Central Valley,33.627179999999996,-117.16,24,#31AADE,2017-11-15,127480.0
10,Park Place NMC - PA 26 Phase I,Ontario,11667500,183000.0,52,1,Stratham & Lewis,Christopher Homes,Blue Topped,Improvement Plans,2017-11-15,2017,Ontario,Ontario,CA,91761,A,Northwest,34.034544,-117.610133,24,#31AADE,2017-11-15,183000.0
11,Audie Murphy Ranch PA 15,Menifee | South,10656500,154000.0,102,1,Brookfield Residential,Meritage Homes,Finished,Improvement Plans,2017-11-07,2017,Menifee | South,Menifee,CA,92584,C,Central Valley,33.627179999999996,-117.16,24,#31AADE,2017-11-07,154000.0
12,Almaden,San Jacinto,2225000,95000.0,46,1,Global Investments,RSI Communities,Finished,Final Map,2017-10-13,2017,San Jacinto,San Jacinto,CA,92582,C,East Valley,33.783966,-116.958909,24,#31AADE,2017-10-13,95000.0
13,La Veranda,San Jacinto,2275000,92000.0,46,1,Citivest Inc,RSI Communities,Finished,Final Map,2017-10-13,2017,San Jacinto,San Jacinto,CA,92582,C,East Valley,33.783966,-116.958909,24,#31AADE,2017-10-13,92000.0
14,Heirloom at the Preserve Phase II,Chino,5093000,148000.0,42,1,Lewis Communities,Richmond American,Finished,Improvement Plans,2017-10-11,2017,Chino,Chino,CA,91710,A,Northwest,34.013356,-117.690075,24,#31AADE,2017-10-11,148000.0
15,Green Valley 145,Perris,4640000,132000.0,145,2,Raintree Partners,KB Home,Unimproved,Improvement Plans,2017-10-10,2017,Perris,Perris,CA,92570,C,Central Valley,33.782519,-117.22864799999999,24,#31AADE,2017-10-10,132000.0
16,Inland Valley,Ontario,3250000,210000.0,55,1,MNG Real Estate Holding,KB Home,Unimproved,Final Map,2017-10-06,2017,Ontario,Ontario,CA,91761,A,Northwest,34.034544,-117.610133,24,#31AADE,2017-10-06,210000.0
17,Pierotti 29,Rancho Cucamonga,45253000,190000.0,382,4,Peter Pierotti,DR Horton,Unimproved,Improvement Plans,2017-10-06,2017,Rancho Cucamonga,Rancho Cucamonga,CA,91701,A,Northwest,34.103319,-117.575174,24,#31AADE,2017-10-06,190000.0
18,Park Place NMC - PA 24,Ontario,9402500,186000.0,75,1,Stratham & Lewis,The New Home Company,Blue Topped,Improvement Plans,2017-10-04,2017,Ontario,Ontario,CA,91761,A,Northwest,34.034544,-117.610133,24,#31AADE,2017-10-04,186000.0
19,Arboretum Phase I,Fontana | North,62634000,198000.0,585,9,Lewis Communities,Lennar Homes,Blue Topped,Final Map,2017-10-03,2017,Fontana | North,Fontana,CA,92336,B,North,34.133412,-117.45,24,#31AADE,2017-10-03,198000.0
20,Avenue 229,Ontario,20878000,185000.0,229,3,Distinguished Homes,DR Horton,Unimproved,Final Map,2017-10-03,2017,Ontario,Ontario,CA,91761,A,Northwest,34.034544,-117.610133,24,#31AADE,2017-10-03,185000.0
21,Lennar Winchester PA33 and PA34,Winchester,2472000,126000.0,206,2,Strata Equity Group,Lennar Homes,Blue Topped,Final Map,2017-09-22,2017,Winchester,Winchester,CA,92596,C,Central Valley,33.719382,-117.06328500000001,24,#31AADE,2017-09-22,126000.0
22,Sycamore Hills PA 1&2,Upland,27429215,247000.0,145,2,LStar Management,Taylor Morrison,Partially Improved,Improvement Plans,2017-09-20,2017,Upland,Upland,CA,91785,A,Northwest,34.09751,-117.64838799999998,24,#31AADE,2017-09-20,247000.0
23,Goodman 102,Fontana | North,7500000,210000.0,102,1,Goodman Trust,Lennar Homes,Unimproved,Improvement Plans,2017-09-16,2017,Fontana | North,Fontana,CA,92336,B,North,34.133412,-117.45,24,#31AADE,2017-09-16,210000.0
24,Shady Trails,Fontana | North,11895000,205000.0,99,1,Lewis Communities,Lennar Homes,Blue Topped,Final Map,2017-09-08,2017,Fontana | North,Fontana,CA,92336,B,North,34.133412,-117.45,24,#31AADE,2017-09-08,205000.0
25,Esperanza,Ontario,22765500,180000.0,464,4,GDC Communities,Lennar Homes,Unimproved,Final Map,2017-09-05,2017,Ontario,Ontario,CA,91761,A,Northwest,34.034544,-117.610133,24,#31AADE,2017-09-05,180000.0
26,Washington 64,Murrieta,5500000,150000.0,64,1,Private Owner,KB Home,Blue Topped,Final Map,2017-09-01,2017,Murrieta,Murrieta,CA,92562,A,Temecula Valley,33.560832,-117.210656,24,#31AADE,2017-09-01,150000.0
27,Wildrose Village,Colton,6425000,153000.0,110,1,Sunwest Enterprises,Frontier Communities,Unimproved,Tentative Tract Map,2017-08-29,2017,Colton,Colton,CA,92324,C,North,34.073902000000004,-117.31365500000001,24,#31AADE,2017-08-29,153000.0
28,Citrus Lane 95,Loma Linda,10500000,240000.0,95,1,Stratus Development,KB Home,Unimproved,Tentative Tract Map,2017-08-24,2017,Loma Linda,Loma Linda,CA,92354,B,North,34.075626,-117.252048,24,#31AADE,2017-08-24,240000.0
29,Alamo Grove,Riverside | East,8520000,162000.0,71,1,Emad Bolous,RSI Communities,Finished,Final Map,2017-08-24,2017,Riverside | East,Riverside,CA,92506,B,Central,33.955902,-117.34,24,#31AADE,2017-08-24,162000.0
30,Park Place NMC - PA 25,Ontario,9575000,166000.0,102,1,Stratham & Lewis,Taylor Morrison,Blue Topped,Improvement Plans,2017-08-10,2017,Ontario,Ontario,CA,91761,A,Northwest,34.034544,-117.610133,24,#31AADE,2017-08-10,166000.0
31,Santa Rosa Highlands,Murrieta,12000000,160000.0,261,3,Ridge Crest Real Estate,DR Horton,Unimproved,Improvement Plans,2017-07-28,2017,Murrieta,Murrieta,CA,92562,A,Temecula Valley,33.560832,-117.210656,24,#31AADE,2017-07-28,160000.0
32,Spring Mountain Ranch | Phase 2,Riverside | East,36900000,183000.0,300,3,iStar Financial,KB Home,Blue Topped,Final Map,2017-07-17,2017,Riverside | East,Riverside,CA,92506,B,Central,33.955902,-117.34,24,#31AADE,2017-07-17,183000.0
33,Alderwood | PA 4A,Murrieta,7384283,154000.0,64,1,SunCal Companies,DR Horton,Finished,Improvement Plans,2017-07-07,2017,Murrieta,Murrieta,CA,92562,A,Temecula Valley,33.560832,-117.210656,24,#31AADE,2017-07-07,154000.0
34,Sycamore Creek | PA 17,South Corona,16791000,202000.0,193,2,Foremost Communities,Lennar Homes,Unimproved,Improvement Plans,2017-06-29,2017,South Corona,South Corona,CA,92883,B,Northwest,33.773546,-117.489269,24,#31AADE,2017-06-29,202000.0
35,Upland Hills Golf 68,Upland,7450000,210000.0,68,1,Upland Hills Golf Club,Diversified Pacific,Unimproved,Tentative Tract Map,2017-06-29,2017,Upland,Upland,CA,91785,A,Northwest,34.09751,-117.64838799999998,24,#31AADE,2017-06-29,210000.0
36,Meridian Pointe II,Riverside | East,2503000,161000.0,69,1,Foremost Communities,DR Horton,Unimproved,Final Map,2017-06-28,2017,Riverside | East,Riverside,CA,92506,B,Central,33.955902,-117.34,24,#31AADE,2017-06-28,161000.0
37,North Park,Ontario,14086000,196000.0,190,2,Richland Communities,KB Home,Unimproved,Improvement Plans,2017-06-27,2017,Ontario,Ontario,CA,91761,A,Northwest,34.034544,-117.610133,24,#31AADE,2017-06-27,196000.0
38,The Trails at Summerly,Lake Elsinore | West,3315000,131000.0,51,1,Pacific Ventures,Richmond American,Blue Topped,Final Map,2017-06-21,2017,Lake Elsinore | West,Lake Elsinore,CA,92530,C,Central Valley,33.694187,-117.38,24,#31AADE,2017-06-21,131000.0
39,Rosena Ranch - PA 27,San Bernardino,6300000,133000.0,90,1,Lytle Development,Lennar Homes,Partially Improved,Tentative Tract Map,2017-06-21,2017,San Bernardino,San Bernardino,CA,92401,B,North,34.108345,-117.28976499999999,24,#31AADE,2017-06-21,133000.0
40,Park Place NMC- PA 16 & 17,Ontario,10305500,172000.0,97,1,Stratham & Lewis,Woodside Homes,Blue Topped,Final Map,2017-06-16,2017,Ontario,Ontario,CA,91761,A,Northwest,34.034544,-117.610133,24,#31AADE,2017-06-16,172000.0
41,Potter Ranch II,San Jacinto,1677500,82000.0,44,1,Capstone Advisors,DR Horton,Finished,Final Map,2017-06-15,2017,San Jacinto,San Jacinto,CA,92582,C,East Valley,33.783966,-116.958909,24,#31AADE,2017-06-15,82000.0
42,Mountain Gate PAF and PA2,Menifee | North,5807500,120000.0,150,1,Strata Equity Group,DR Horton,Partially Improved,Improvement Plans,2017-06-06,2017,Menifee | North,Menifee,CA,92586,C,Central Valley,33.700987,-117.18,24,#31AADE,2017-06-06,120000.0
43,Brueschert,Chino,16071000,192000.0,185,1,Richland Communities,KB Home,Unimproved,Improvement Plans,2017-06-02,2017,Chino,Chino,CA,91710,A,Northwest,34.013356,-117.690075,24,#31AADE,2017-06-02,192000.0
44,Miller Avenue,Fontana | South,10500000,202000.0,95,1,Grand Pacific Communities,Pulte Homes,Unimproved,Final Map,2017-06-02,2017,Fontana | South,Fontana,CA,92337,B,North,34.061709,-117.45,24,#31AADE,2017-06-02,202000.0
45,Countryside Phase II,Ontario,9196000,195000.0,70,2,Foremost Communities,DR Horton,Finished,Final Map,2017-05-17,2017,Ontario,Ontario,CA,91761,A,Northwest,34.034544,-117.610133,24,#31AADE,2017-05-17,195000.0
46,Washington Road,French Valley,9920000,175000.0,132,1,CV Communities,KB Home,Unimproved,Final Map,2017-05-15,2017,French Valley,French Valley,CA,92563,B,Temecula Valley,33.59941,-117.109172,24,#31AADE,2017-05-15,175000.0
47,Alder at Summerly,Lake Elsinore | West,4300000,125000.0,65,1,Pacific Ventures,RSI Communities,Blue Topped,Final Map,2017-05-12,2017,Lake Elsinore | West,Lake Elsinore,CA,92530,C,Central Valley,33.694187,-117.38,24,#31AADE,2017-05-12,125000.0
48,Park Place NMC- PA 4,Ontario,2790000,190000.0,88,1,Stratham & Lewis,CalAtlantic,Finished,Improvement Plans,2017-05-04,2017,Ontario,Ontario,CA,91761,A,Northwest,34.034544,-117.610133,24,#31AADE,2017-05-04,190000.0
49,Arterra,San Jacinto,1850000,76994.0,78,1,Ayres Advisors,Lennar Homes,Finished,Final Map,2017-04-27,2017,San Jacinto,San Jacinto,CA,92582,C,East Valley,33.783966,-116.958909,24,#31AADE,2017-04-27,76994.0
50,Makenna Court,Lake Elsinore | West,5700000,126000.0,81,1,Pacific Cove Investments,DR Horton,Blue Topped,Improvement Plans,2017-04-14,2017,Lake Elsinore | West,Lake Elsinore,CA,92530,C,Central Valley,33.694187,-117.38,24,#31AADE,2017-04-14,126000.0
51,Terramor | MR PA 1,South Corona,21420000,186000.0,170,1,Foremost Communities,KB Home,Blue Topped,Final Map,2017-04-14,2017,South Corona,South Corona,CA,92883,B,Northwest,33.773546,-117.489269,24,#31AADE,2017-04-14,186000.0
52,Terramor | AQPA 3,South Corona,14070000,194000.0,105,1,Foremost Communities,CalAtlantic,Blue Topped,Final Map,2017-03-21,2017,South Corona,South Corona,CA,92883,B,Northwest,33.773546,-117.489269,24,#31AADE,2017-03-21,194000.0
53,Covey Ranch,Moreno Valley,2700000,150000.0,114,1,CV Communities,KB Home,Unimproved,Improvement Plans,2017-03-17,2017,Moreno Valley,Moreno Valley,CA,92555,B,Central,33.937517,-117.230594,24,#31AADE,2017-03-17,150000.0
54,Rancho Vista Village,Temecula,2616000,161000.0,54,1,Inland Communities Corp.,DR Horton,Unimproved,Final Map,2017-02-28,2017,Temecula,Temecula,CA,92591,A,Temecula Valley,33.494634999999995,-117.14736599999999,24,#31AADE,2017-02-28,161000.0
55,Linden Place at Summerly,Lake Elsinore | West,4932250,115000.0,95,1,Pacific Ventures,DR Horton,Blue Topped,Final Map,2017-02-16,2017,Lake Elsinore | West,Lake Elsinore,CA,92530,C,Central Valley,33.694187,-117.38,24,#31AADE,2017-02-16,115000.0
56,Sunrise at the Preserve,Chino,11135000,220000.0,57,1,Lewis Communities,Woodside Homes,Blue Topped,Improvement Plans,2017-02-15,2017,Chino,Chino,CA,91710,A,Northwest,34.013356,-117.690075,24,#31AADE,2017-02-15,220000.0
57,Arbor Vista,Temecula,9078000,210000.0,83,1,Regent Properties,Lennar Homes,Blue Topped,Improvement Plans,2017-01-31,2017,Temecula,Temecula,CA,92591,A,Temecula Valley,33.494634999999995,-117.14736599999999,24,#31AADE,2017-01-31,210000.0
58,Terramor | AQPA 5,South Corona,13125000,185000.0,105,1,Foremost Communities,Pulte Homes,Blue Topped,Final Map,2017-01-20,2017,South Corona,South Corona,CA,92883,B,Northwest,33.773546,-117.489269,24,#31AADE,2017-01-20,185000.0
59,Terramor | AQPA 4,South Corona,15795000,177000.0,135,1,Foremost Communities,Pulte Homes,Blue Topped,Final Map,2017-01-20,2017,South Corona,South Corona,CA,92883,B,Northwest,33.773546,-117.489269,24,#31AADE,2017-01-20,177000.0
60,Summit Crest,Fontana | North,6600000,185000.0,77,1,Stratham Group,KB Home,Unimproved,Improvement Plans,2017-01-12,2017,Fontana | North,Fontana,CA,92336,B,North,34.133412,-117.45,24,#31AADE,2017-01-12,185000.0
61,Olive Grove at the Preserve,Chino,8238500,189000.0,57,1,Lewis Communities,Lennar Homes,Blue Topped,Improvement Plans,2017-01-05,2017,Chino,Chino,CA,91710,A,Northwest,34.013356,-117.690075,24,#31AADE,2017-01-05,189000.0
62,Autumn Field at the Preserve,Chino,9693500,185000.0,82,1,Lewis Communities,Lennar Homes,Blue Topped,Improvement Plans,2017-01-05,2017,Chino,Chino,CA,91710,A,Northwest,34.013356,-117.690075,24,#31AADE,2017-01-05,185000.0
63,Gallery Riverside,Riverside | West,800000,265000.0,23,1,Private Investor,Capital Pacific Real Estate Group,Partially Improved,Final Map,2017-01-05,2017,Riverside | West,Riverside,CA,92503,A,Central,33.927766999999996,-117.45,24,#31AADE,2017-01-05,265000.0
64,Parkside SJ,San Jacinto,1500000,78000.0,47,1,Ayres Advisors,RSI Communities,Finished,Final Map,2017-01-04,2017,San Jacinto,San Jacinto,CA,92582,C,East Valley,33.783966,-116.958909,24,#31AADE,2017-01-04,78000.0
65,Savannah,Moreno Valley,4045000,125000.0,86,1,Richland Communities,RSI Communities,Partially Improved,Final Map,2016-12-29,2016,Moreno Valley,Moreno Valley,CA,92555,B,Central,33.937517,-117.230594,24,#31AADE,2016-12-29,125000.0
66,Mission Grove,Riverside | West,7450000,175000.0,85,1,Ridge Crest Real Estate,Lennar Homes,Unimproved,Improvement Plans,2016-12-29,2016,Riverside | West,Riverside,CA,92503,A,Central,33.927766999999996,-117.45,24,#31AADE,2016-12-29,175000.0
67,Menifee Heights,Menifee | North,10000000,135000.0,359,3,CV Communities,Pardee Homes,Unimproved,Improvement Plans,2016-12-16,2016,Menifee | North,Menifee,CA,92586,C,Central Valley,33.700987,-117.18,24,#31AADE,2016-12-16,135000.0
68,Heartland,Beaumont | West,4500000,115000.0,980,10,Lehman Holdings,RSI Communities,Partially Improved,Improvement Plans,2016-12-15,2016,Beaumont | West,Beaumont,CA,92223,C,The Pass,33.960834999999996,-117.05,24,#31AADE,2016-12-15,115000.0
69,Stark 110,Chino,13200000,185000.0,110,1,Lewis Communities,CalAtlantic,Blue Topped,Improvement Plans,2016-12-15,2016,Chino,Chino,CA,91710,A,Northwest,34.013356,-117.690075,24,#31AADE,2016-12-15,185000.0
70,Harvest at the Preserve PA 3,Chino,12584000,148000.0,104,1,Lewis Communities,Richmond American,Finished,Improvement Plans,2016-12-09,2016,Chino,Chino,CA,91710,A,Northwest,34.013356,-117.690075,24,#31AADE,2016-12-09,148000.0
71,Cottage Lane,Lake Elsinore | West,1660465,85000.0,42,1,Ambient Communities,Frontier Communities,Finished,Final Map,2016-12-07,2016,Lake Elsinore | West,Lake Elsinore,CA,92530,C,Central Valley,33.694187,-117.38,24,#31AADE,2016-12-07,85000.0
72,El Dorado II,Menifee | North,10080000,133000.0,122,1,Avanti Investments,Lennar Homes,Partially Improved,Improvement Plans,2016-12-07,2016,Menifee | North,Menifee,CA,92586,C,Central Valley,33.700987,-117.18,24,#31AADE,2016-12-07,133000.0
73,Cactus Avenue CV,Moreno Valley,4500000,127000.0,159,1,CV Communities,KB Home,Unimproved,Improvement Plans,2016-12-02,2016,Moreno Valley,Moreno Valley,CA,92555,B,Central,33.937517,-117.230594,24,#31AADE,2016-12-02,127000.0
74,Park Place NMC - PA 5,Ontario,8630000,188500.0,68,1,Stratham & Lewis,TRI Pointe Homes,Blue Topped,Improvement Plans,2016-12-02,2016,Ontario,Ontario,CA,91761,A,Northwest,34.034544,-117.610133,24,#31AADE,2016-12-02,188500.0
75,Harvest | West,Upland,19902000,240000.0,125,1,Lewis Communities,KB Home,Blue Topped,Final Map,2016-12-02,2016,Upland,Upland,CA,91785,A,Northwest,34.09751,-117.64838799999998,24,#31AADE,2016-12-02,240000.0
76,Fairway Canyon PA 19,Beaumont | West,7985000,133000.0,130,2,SunCal Companies,DR Horton,Blue Topped,Final Map,2016-12-01,2016,Beaumont | West,Beaumont,CA,92223,C,The Pass,33.960834999999996,-117.05,24,#31AADE,2016-12-01,133000.0
77,Spencers Crossing PA25,French Valley,8000000,143000.0,76,1,Brookfield Residential,Pardee Homes,Finished,Final Map,2016-12-01,2016,French Valley,French Valley,CA,92563,B,Temecula Valley,33.59941,-117.109172,24,#31AADE,2016-12-01,143000.0
78,Spencers Crossing PA23,French Valley,3800000,127000.0,46,1,Brookfield Residential,Richmond American,Finished,Final Map,2016-12-01,2016,French Valley,French Valley,CA,92563,B,Temecula Valley,33.59941,-117.109172,24,#31AADE,2016-12-01,127000.0
79,Rancho Bella Vista,Rancho Cucamonga,3916000,450000.0,11,1,Pacific Communities,Griffin Residential,Blue Topped,Final Map,2016-11-10,2016,Rancho Cucamonga,Rancho Cucamonga,CA,91701,A,Northwest,34.103319,-117.575174,24,#31AADE,2016-11-10,450000.0
80,Countryside Phase I,Ontario,10150000,195000.0,70,2,Foremost Communities,DR Horton,Finished,Final Map,2016-11-01,2016,Ontario,Ontario,CA,91761,A,Northwest,34.034544,-117.610133,24,#31AADE,2016-11-01,195000.0
81,Potter Ranch I,San Jacinto,1677500,82000.0,44,1,Capstone Advisors,DR Horton,Finished,Final Map,2016-10-19,2016,San Jacinto,San Jacinto,CA,92582,C,East Valley,33.783966,-116.958909,24,#31AADE,2016-10-19,82000.0
82,Fairway Canyon | PA 21A,Beaumont | West,3727500,118000.0,55,1,SunCal Companies,RSI Communities,Partially Improved,Tentative Tract Map,2016-10-14,2016,Beaumont | West,Beaumont,CA,92223,C,The Pass,33.960834999999996,-117.05,24,#31AADE,2016-10-14,118000.0
83,Carefree Sun City,Menifee | North,7900000,110000.0,108,1,Global Investments,DR Horton,Finished,Final Map,2016-10-13,2016,Menifee | North,Menifee,CA,92586,C,Central Valley,33.700987,-117.18,24,#31AADE,2016-10-13,110000.0
84,Audie Murphy Ranch PA 8 & 20,Menifee | South,8848500,122500.0,101,1,Brookfield Residential,RSI Communities,Finished,Improvement Plans,2016-10-12,2016,Menifee | South,Menifee,CA,92584,C,Central Valley,33.627179999999996,-117.16,24,#31AADE,2016-10-12,122500.0
85,Alderwood | PA 3 & PA 5,Murrieta,20551294,152000.0,207,1,SunCal Companies,RSI Communities,Finished,Improvement Plans,2016-10-04,2016,Murrieta,Murrieta,CA,92562,A,Temecula Valley,33.560832,-117.210656,24,#31AADE,2016-10-04,152000.0
86,Meadow Creek,Moreno Valley,10787000,134000.0,161,1,Mission Pacific Land Company,Lennar Homes,Finished,Final Map,2016-09-28,2016,Moreno Valley,Moreno Valley,CA,92555,B,Central,33.937517,-117.230594,24,#31AADE,2016-09-28,134000.0
87,Tierra Del Rey,French Valley,3000000,146000.0,84,1,CV Communities,Pardee Homes,Blue Topped,Improvement Plans,2016-09-22,2016,French Valley,French Valley,CA,92563,B,Temecula Valley,33.59941,-117.109172,24,#31AADE,2016-09-22,146000.0
88,Skypointe at Alberhill,Lake Elsinore | West,5412000,129000.0,82,1,Castle & Cooke,KB Home,Blue Topped,Final Map,2016-09-18,2016,Lake Elsinore | West,Lake Elsinore,CA,92530,C,Central Valley,33.694187,-117.38,24,#31AADE,2016-09-18,129000.0
89,Fairway Canyon PA 16B,Beaumont | West,3500000,116500.0,60,1,SunCal Companies,Woodside Homes,Blue Topped,Final Map,2016-09-16,2016,Beaumont | West,Beaumont,CA,92223,C,The Pass,33.960834999999996,-117.05,24,#31AADE,2016-09-16,116500.0
90,Meridian Pointe,Riverside | East,5940000,161000.0,63,1,Foremost Communities,DR Horton,Unimproved,Improvement Plans,2016-09-14,2016,Riverside | East,Riverside,CA,92506,B,Central,33.955902,-117.34,24,#31AADE,2016-09-14,161000.0
91,Morningstar Ranch | PAs 4 & 5,French Valley,16500000,140000.0,189,2,Brookfield Land,CalAtlantic,Finished,Final Map,2016-09-02,2016,French Valley,French Valley,CA,92563,B,Temecula Valley,33.59941,-117.109172,24,#31AADE,2016-09-02,140000.0
92,Summerly | N11,Lake Elsinore | West,3000000,120000.0,59,1,DMB Pacific Ventures,CalAtlantic,Blue Topped,Final Map,2016-09-02,2016,Lake Elsinore | West,Lake Elsinore,CA,92530,C,Central Valley,33.694187,-117.38,24,#31AADE,2016-09-02,120000.0
93,The Oaks,Chino,1850000,195000.0,23,1,Brett Crowder,Griffin Residential,Unimproved,Improvement Plans,2016-08-29,2016,Chino,Chino,CA,91710,A,Northwest,34.013356,-117.690075,24,#31AADE,2016-08-29,195000.0
94,The Grand Park | PAs 4-6,Ontario,26000000,155000.0,354,4,Distinguished Homes,Lennar Homes,Unimproved,Final Map,2016-07-28,2016,Ontario,Ontario,CA,91761,A,Northwest,34.034544,-117.610133,24,#31AADE,2016-07-28,155000.0
95,Spanish Trails,Upland,4000000,202000.0,39,1,Sheila Johnson,Frontier Communities,Unimproved,Specific Plan,2016-07-28,2016,Upland,Upland,CA,91785,A,Northwest,34.09751,-117.64838799999998,24,#31AADE,2016-07-28,202000.0
96,Founders,Chino Hills,11500000,250000.0,76,1,City of Chino Hills,Trumark Companies,Unimproved,Conceptual,2016-07-19,2016,Chino Hills,Chino Hills,CA,91709,A,Northwest,33.99268,-117.760056,24,#31AADE,2016-07-19,250000.0
97,Fairway Canyon PA 14,Beaumont | West,3400000,115000.0,94,1,SunCal Companies,KB Home,Partially Improved,Final Map,2016-07-18,2016,Beaumont | West,Beaumont,CA,92223,C,The Pass,33.960834999999996,-117.05,24,#31AADE,2016-07-18,115000.0
98,Summerly | N10,Lake Elsinore | West,3300000,116000.0,63,1,DMB Pacific Ventures,Beazer Homes,Blue Topped,Final Map,2016-07-15,2016,Lake Elsinore | West,Lake Elsinore,CA,92530,C,Central Valley,33.694187,-117.38,24,#31AADE,2016-07-15,116000.0
99,Legacy Park | Phase 1,Moreno Valley,4798000,122000.0,140,1,Mission Pacific Land Company,RSI Communities,Partially Improved,Final Map,2016-07-06,2016,Moreno Valley,Moreno Valley,CA,92555,B,Central,33.937517,-117.230594,24,#31AADE,2016-07-06,122000.0
100,Canyon Cove PA2,Menifee | South,7800000,127000.0,86,1,Brookfield Residential,Richmond American,Finished,Improvement Plans,2016-06-28,2016,Menifee | South,Menifee,CA,92584,C,Central Valley,33.627179999999996,-117.16,24,#31AADE,2016-06-28,127000.0
101,Sierra Bella,Corona,34500000,320000.0,237,3,Foremost Communities,CalAtlantic,Unimproved,Final Map,2016-06-09,2016,Corona,Corona,CA,92882,A,Northwest,33.875295,-117.566445,24,#31AADE,2016-06-09,320000.0
102,Vista Bella,Chino Hills,9000000,255000.0,65,1,EJ Investment Corp,KB Home,Unimproved,Final Map,2016-06-03,2016,Chino Hills,Chino Hills,CA,91709,A,Northwest,33.99268,-117.760056,24,#31AADE,2016-06-03,255000.0
103,Mango 30,Fontana | South,1700000,153000.0,30,1,SA Golden Investments,Griffin Residential,Unimproved,Improvement Plans,2016-05-25,2016,Fontana | South,Fontana,CA,92337,B,North,34.061709,-117.45,24,#31AADE,2016-05-25,153000.0
104,Bluffs at Rosena,San Bernardino,15742000,168000.0,152,2,Lytle Development,DR Horton,Partially Improved,Tentative Tract Map,2016-04-12,2016,San Bernardino,San Bernardino,CA,92401,B,North,34.108345,-117.28976499999999,24,#31AADE,2016-04-12,168000.0
105,Montecito,Chino,15900000,230000.0,113,1,MBK Homes,DR Horton,Unimproved,Improvement Plans,2016-04-07,2016,Chino,Chino,CA,91710,A,Northwest,34.013356,-117.690075,24,#31AADE,2016-04-07,230000.0
106,Skypark,Jurupa Valley,3000000,135000.0,85,1,Private Investor,DR Horton,Unimproved,Improvement Plans,2016-03-10,2016,Jurupa Valley,Jurupa Valley,CA,92509,B,Central,33.979847,-117.451575,24,#31AADE,2016-03-10,135000.0
107,Winchester Trails,Winchester,7500000,107000.0,161,1,US Bank,DR Horton,Finished,Final Map,2016-03-09,2016,Winchester,Winchester,CA,92596,C,Central Valley,33.719382,-117.06328500000001,24,#31AADE,2016-03-09,107000.0
108,Bella Sol,French Valley,5350000,105651.0,97,1,Global Investments,Meritage Homes,Blue Topped,Improvement Plans,2016-02-17,2016,French Valley,French Valley,CA,92563,B,Temecula Valley,33.59941,-117.109172,24,#31AADE,2016-02-17,105651.0
109,Inland 206,Fontana | South,17680000,155000.0,206,2,Fontana Apartments LLC,Lennar Homes,Unimproved,Tentative Tract Map,2016-01-22,2016,Fontana | South,Fontana,CA,92337,B,North,34.061709,-117.45,24,#31AADE,2016-01-22,155000.0
110,Summerly | N9,Lake Elsinore | West,3233613,118000.0,59,1,McMillin Communities,Woodside Homes,Blue Topped,Final Map,2016-01-08,2016,Lake Elsinore | West,Lake Elsinore,CA,92530,C,Central Valley,33.694187,-117.38,24,#31AADE,2016-01-08,118000.0
111,The Grove at Redlands,Redlands,7835000,200555.0,82,1,Newland Homes,Lennar Homes,Unimproved,Tentative Tract Map,2016-01-06,2016,Redlands,Redlands,CA,92373,B,North,34.055735,-117.188896,24,#31AADE,2016-01-06,200555.0
112,Kenyon Way,Rancho Cucamonga,6200000,300000.0,31,1,William Lyon Homes,DR Horton,Unimproved,Final Map,2015-11-09,2015,Rancho Cucamonga,Rancho Cucamonga,CA,91701,A,Northwest,34.103319,-117.575174,24,#31AADE,2015-11-09,300000.0
113,Armstrong Ranch,Jurupa Valley,4300000,150000.0,86,1,Armada Real Estate Group,DR Horton,Unimproved,Improvement Plans,2015-10-15,2015,Jurupa Valley,Jurupa Valley,CA,92509,B,Central,33.979847,-117.451575,24,#31AADE,2015-10-15,150000.0
114,Azalea,Rancho Cucamonga,9000000,300000.0,45,1,Manning Homes,DR Horton,Unimproved,Tentative Tract Map,2015-10-01,2015,Rancho Cucamonga,Rancho Cucamonga,CA,91701,A,Northwest,34.103319,-117.575174,24,#31AADE,2015-10-01,300000.0
115,JP Ranch | PA 2,Calimesa,9594000,122000.0,117,1,Highpointe Communities,DR Horton,Finished,Final Map,2015-09-16,2015,Calimesa,Calimesa,CA,92320,B,The Pass,34.003904,-117.061977,24,#31AADE,2015-09-16,122000.0
116,Montecito,Chino,8500000,195000.0,113,1,Pacific Chino Plaza,MBK Homes,Unimproved,Tentative Tract Map,2015-09-16,2015,Chino,Chino,CA,91710,A,Northwest,34.013356,-117.690075,24,#31AADE,2015-09-16,195000.0
117,Verhoeven 60,Chino,8550000,227500.0,60,1,Verhoeven,Lennar Homes,Unimproved,Improvement Plans,2015-09-10,2015,Chino,Chino,CA,91710,A,Northwest,34.013356,-117.690075,24,#31AADE,2015-09-10,227500.0
118,Fern Meadows,Chino,15980000,248000.0,94,1,Stratham Group,Richmond American,Unimproved,Improvement Plans,2015-09-01,2015,Chino,Chino,CA,91710,A,Northwest,34.013356,-117.690075,24,#31AADE,2015-09-01,248000.0
119,Rancho Fortunado,Wildomar,10500000,161000.0,153,1,CV Communities,Richmond American,Unimproved,Final Map,2015-07-10,2015,Wildomar,Wildomar,CA,92532,B,Temecula Valley,33.593937,-117.241499,24,#31AADE,2015-07-10,161000.0
120,Glendale Square,Fontana | South,5760000,185000.0,96,1,Centerstone Communities,CalAtlantic,Unimproved,Tentative Tract Map,2015-07-07,2015,Fontana | South,Fontana,CA,92337,B,North,34.061709,-117.45,24,#31AADE,2015-07-07,185000.0
121,Spencer's PA2 N,French Valley,5500000,150000.0,52,1,Brookfield Homes,Richmond American,Finished,Final Map,2015-07-07,2015,French Valley,French Valley,CA,92563,B,Temecula Valley,33.59941,-117.109172,24,#31AADE,2015-07-07,150000.0
122,Spencer's PA3 N,French Valley,8924000,147000.0,92,1,Brookfield Land,Woodside Homes,Finished,Final Map,2015-07-07,2015,French Valley,French Valley,CA,92563,B,Temecula Valley,33.59941,-117.109172,24,#31AADE,2015-07-07,147000.0
123,IDI 2,Jurupa Valley,23800000,195000.0,206,2,Wheelock Street Capital,Pulte Homes,Unimproved,Final Map,2015-07-07,2015,Jurupa Valley,Jurupa Valley,CA,92509,B,Central,33.979847,-117.451575,24,#31AADE,2015-07-07,195000.0
124,Glenrose Ranch,Highland,5725000,120302.0,118,1,Ridge Crest Real Estate,Richmond American,Unimproved,Improvement Plans,2015-06-24,2015,Highland,Highland,CA,92346,C,North,34.128344,-117.208651,24,#31AADE,2015-06-24,120302.0
125,Summerly | N12,Lake Elsinore | West,2919000,110000.0,70,1,McMillin Communities,CalAtlantic,Blue Topped,Final Map,2015-06-19,2015,Lake Elsinore | West,Lake Elsinore,CA,92530,C,Central Valley,33.694187,-117.38,24,#31AADE,2015-06-19,110000.0
126,Golden City | PA 2,Murrieta,8701345,147400.0,90,1,SunCal Companies,DR Horton,Finished,Final Map,2015-05-27,2015,Murrieta,Murrieta,CA,92562,A,Temecula Valley,33.560832,-117.210656,24,#31AADE,2015-05-27,147400.0
127,Greenbrier,Grand Terrace,1200000,120000.0,35,1,Private Investor,Capital Pacific Real Estate Group,Unimproved,Final Map,2015-05-15,2015,Grand Terrace,Grand Terrace,CA,92313,A,North,34.032303000000006,-117.314692,24,#31AADE,2015-05-15,120000.0
128,Creekside Terrace,Murrieta,5350000,123000.0,84,1,Ridge Crest Real Estate,Woodside Homes,Partially Improved,Improvement Plans,2015-05-15,2015,Murrieta,Murrieta,CA,92562,A,Temecula Valley,33.560832,-117.210656,24,#31AADE,2015-05-15,123000.0
129,Albers,Chino,9550000,180000.0,149,1,Albers Realty,Lennar Homes,Unimproved,Tentative Tract Map,2015-05-11,2015,Chino,Chino,CA,91710,A,Northwest,34.013356,-117.690075,24,#31AADE,2015-05-11,180000.0
130,Harvest Village B,Jurupa Valley,14625000,165000.0,106,1,Anthony Vernola,Lennar Homes,Unimproved,Final Map,2015-05-11,2015,Jurupa Valley,Jurupa Valley,CA,92509,B,Central,33.979847,-117.451575,24,#31AADE,2015-05-11,165000.0
131,Mountain Gate (Phase 2),Menifee | South,1482786,103000.0,24,1,Strata Equity Group,Woodside Homes,Finished,Final Map,2015-05-01,2015,Menifee | South,Menifee,CA,92584,C,Central Valley,33.627179999999996,-117.16,24,#31AADE,2015-05-01,103000.0
132,Mountain Gate (Phase 3),Menifee | South,2347745,103000.0,38,1,Strata Equity Group,Woodside Homes,Finished,Final Map,2015-05-01,2015,Menifee | South,Menifee,CA,92584,C,Central Valley,33.627179999999996,-117.16,24,#31AADE,2015-05-01,103000.0
133,Arbor Lane,Ontario,4900000,118000.0,114,1,Joe Borba,Trumark Communities,Unimproved,Tentative Tract Map,2015-04-17,2015,Ontario,Ontario,CA,91761,A,Northwest,34.034544,-117.610133,24,#31AADE,2015-04-17,118000.0
134,Fairway Canyon PA 16,Beaumont | West,7150000,116500.0,88,1,SunCal Companies,Woodside Homes,Blue Topped,Final Map,2015-03-16,2015,Beaumont | West,Beaumont,CA,92223,C,The Pass,33.960834999999996,-117.05,24,#31AADE,2015-03-16,116500.0
135,Walnut Grove,Chino,13932000,231000.0,84,1,John Borba,Frontier Communities,Unimproved,Tentative Tract Map,2015-01-15,2015,Chino,Chino,CA,91710,A,Northwest,34.013356,-117.690075,24,#31AADE,2015-01-15,231000.0
136,River Bend,Jurupa Valley,56269615,200000.0,464,4,CV Communities,Lennar Homes,Unimproved,Design Review,2015-01-09,2015,Jurupa Valley,Jurupa Valley,CA,92509,B,Central,33.979847,-117.451575,24,#31AADE,2015-01-09,200000.0
137,Nexus,Eastvale,16006000,145000.0,220,1,Lewis Communities,William Lyon Homes,Unimproved,Tentative Tract Map,2015-01-06,2015,Eastvale,Eastvale,CA,92880,A,Northwest,33.97668,-117.559844,24,#31AADE,2015-01-06,145000.0
138,Trieste,Lake Elsinore | East,1190000,90000.0,75,1,MBK Homes,Far West Industries,Partially Improved,Tentative Tract Map,2014-12-31,2014,Lake Elsinore | East,Lake Elsinore,CA,92595,C,Central Valley,33.662155,-117.29,24,#31AADE,2014-12-31,90000.0
139,Alasia,Menifee | South,4050000,105000.0,86,1,Sunwood & Associates,Meritage Homes,Finished,Final Map,2014-12-31,2014,Menifee | South,Menifee,CA,92584,C,Central Valley,33.627179999999996,-117.16,24,#31AADE,2014-12-31,105000.0
140,Arrow Place,Upland,7800000,181500.0,78,1,Warmington Homes,MBK Homes,Unimproved,Improvement Plans,2014-11-21,2014,Upland,Upland,CA,91785,A,Northwest,34.09751,-117.64838799999998,24,#31AADE,2014-11-21,181500.0
141,Rancho Etiwanda Estates,Rancho Cucamonga,28197500,329317.0,95,1,BCA Development,Benchmark Communities,Partially Improved,Improvement Plans,2014-10-28,2014,Rancho Cucamonga,Rancho Cucamonga,CA,91701,A,Northwest,34.103319,-117.575174,24,#31AADE,2014-10-28,329317.0
142,Flamingo Dairy,Eastvale,17100000,230000.0,122,1,McCune & Associates,Lennar Homes,Unimproved,Tentative Tract Map,2014-10-15,2014,Eastvale,Eastvale,CA,92880,A,Northwest,33.97668,-117.559844,24,#31AADE,2014-10-15,230000.0
143,Pinnacle II at Roripaugh Ranch,Temecula,12917500,180000.0,99,1,West Cost Housing Partners,KB Home,Finished,Final Map,2014-10-02,2014,Temecula,Temecula,CA,92591,A,Temecula Valley,33.494634999999995,-117.14736599999999,24,#31AADE,2014-10-02,180000.0
144,Granite Ridge,Jurupa Valley,3300000,124000.0,106,1,"DCC Ventures, LLC",Frontier Communities,Unimproved,Improvement Plans,2014-10-01,2014,Jurupa Valley,Jurupa Valley,CA,92509,B,Central,33.979847,-117.451575,24,#31AADE,2014-10-01,124000.0
145,Canyon Hills,Chino Hills,6400000,384200.0,76,1,Foremost Communities,Woodbridge Pacific Group,Unimproved,Improvement Plans,2014-09-26,2014,Chino Hills,Chino Hills,CA,91709,A,Northwest,33.99268,-117.760056,24,#31AADE,2014-09-26,384200.0
146,Wildomar 51,Wildomar,3800000,132000.0,51,1,Rancon Group,Diversified Pacific,Partially Improved,Improvement Plans,2014-09-26,2014,Wildomar,Wildomar,CA,92532,B,Temecula Valley,33.593937,-117.241499,24,#31AADE,2014-09-26,132000.0
147,Renaissance at Redhawk,Temecula,6660000,165000.0,74,1,Cardinal Development,Beazer Homes,Partially Improved,Tentative Tract Map,2014-09-25,2014,Temecula,Temecula,CA,92591,A,Temecula Valley,33.494634999999995,-117.14736599999999,24,#31AADE,2014-09-25,165000.0
148,Laurel Lane at The Preserve,Chino,13000000,225000.0,70,1,Lewis Communities,William Lyon Homes,Partially Improved,Improvement Plans,2014-09-18,2014,Chino,Chino,CA,91710,A,Northwest,34.013356,-117.690075,24,#31AADE,2014-09-18,225000.0
149,Whitewood,Murrieta,10527000,122000.0,184,1,"Garrett Group, LLC",Lennar Homes,Partially Improved,Improvement Plans,2014-09-04,2014,Murrieta,Murrieta,CA,92562,A,Temecula Valley,33.560832,-117.210656,24,#31AADE,2014-09-04,122000.0
150,Palisades at The Preserve,Chino,15874000,222000.0,79,1,Lewis Communities,Woodside Homes,Blue Topped,Final Map,2014-09-02,2014,Chino,Chino,CA,91710,A,Northwest,34.013356,-117.690075,24,#31AADE,2014-09-02,222000.0
151,PA 3 The Preserve,Chino,15840000,184500.0,114,1,Lewis Communities,KB Home,Unimproved,Improvement Plans,2014-09-01,2014,Chino,Chino,CA,91710,A,Northwest,34.013356,-117.690075,24,#31AADE,2014-09-01,184500.0
152,JP Ranch | PA 1,Calimesa,4777500,113500.0,65,1,Highpointe Communities,DR Horton,Finished,Final Map,2014-08-14,2014,Calimesa,Calimesa,CA,92320,B,The Pass,34.003904,-117.061977,24,#31AADE,2014-08-14,113500.0
153,Golden City | PA 1,Murrieta,6389398,140000.0,82,1,SunCal Companies,DR Horton,Blue Topped,Improvement Plans,2014-07-30,2014,Murrieta,Murrieta,CA,92562,A,Temecula Valley,33.560832,-117.210656,24,#31AADE,2014-07-30,140000.0
154,Villages of Verona,South Corona,16750000,218000.0,146,2,West Coast Development,TRI Pointe Homes,Unimproved,Improvement Plans,2014-07-29,2014,South Corona,South Corona,CA,92883,B,Northwest,33.773546,-117.489269,24,#31AADE,2014-07-29,218000.0
155,Cypress & Riverside,Chino,5000000,245000.0,59,1,Judy Swanson,Frontier Communities,Unimproved,Tentative Tract Map,2014-07-07,2014,Chino,Chino,CA,91710,A,Northwest,34.013356,-117.690075,24,#31AADE,2014-07-07,245000.0
156,Audie Murphy Ranch PA 35,Menifee | South,8500000,123000.0,94,1,Brookfield Land,KB Home,Finished,Improvement Plans,2014-06-27,2014,Menifee | South,Menifee,CA,92584,C,Central Valley,33.627179999999996,-117.16,24,#31AADE,2014-06-27,123000.0
157,Cypress Square,Riverside | East,4100000,128450.0,76,1,Pinnacle Real Estate Ventures,Meritage Homes,Partially Improved,Tentative Tract Map,2014-06-18,2014,Riverside | East,Riverside,CA,92506,B,Central,33.955902,-117.34,24,#31AADE,2014-06-18,128450.0
158,Tuliptree,Riverside | West,6400000,279000.0,32,1,Richard Ashby,Griffin Residential,Partially Improved,Improvement Plans,2014-06-18,2014,Riverside | West,Riverside,CA,92503,A,Central,33.927766999999996,-117.45,24,#31AADE,2014-06-18,279000.0
159,Summerly | N8,Lake Elsinore | West,3609600,126500.0,64,1,McMillin Communities,CalAtlantic,Blue Topped,Final Map,2014-06-17,2014,Lake Elsinore | West,Lake Elsinore,CA,92530,C,Central Valley,33.694187,-117.38,24,#31AADE,2014-06-17,126500.0
160,Sonata at The Preserve,Chino,12139000,241000.0,65,1,Lewis Communities,K Hovnanian Homes,Finished,Final Map,2014-06-04,2014,Chino,Chino,CA,91710,A,Northwest,34.013356,-117.690075,24,#31AADE,2014-06-04,241000.0
161,The Estates Collection | Woodcrest,Riverside | West,2250000,235000.0,30,1,To Be Determined,Diversified Pacific,Unimproved,Improvement Plans,2014-05-28,2014,Riverside | West,Riverside,CA,92503,A,Central,33.927766999999996,-117.45,24,#31AADE,2014-05-28,235000.0
162,Heritage Village A,Jurupa Valley,10350000,165000.0,138,1,Vernola Family,Lennar Homes,Unimproved,Final Map,2014-05-22,2014,Jurupa Valley,Jurupa Valley,CA,92509,B,Central,33.979847,-117.451575,24,#31AADE,2014-05-22,165000.0
163,Rosena Ranch | Forestar 2,San Bernardino,10278000,167000.0,68,1,Foremost Communities,DR Horton,Finished,Final Map,2014-05-22,2014,San Bernardino,San Bernardino,CA,92401,B,North,34.108345,-117.28976499999999,24,#31AADE,2014-05-22,167000.0
164,Mountain Gate (Phase 1),Menifee | North,3336269,103000.0,54,1,Strata Equity Group,Woodside Homes,Finished,Final Map,2014-05-20,2014,Menifee | North,Menifee,CA,92586,C,Central Valley,33.700987,-117.18,24,#31AADE,2014-05-20,103000.0
165,Bella Strada,Fontana | South,34600295,165000.0,376,4,Foremost Communities,DR Horton,Unimproved,Improvement Plans,2014-05-14,2014,Fontana | South,Fontana,CA,92337,B,North,34.061709,-117.45,24,#31AADE,2014-05-14,165000.0
166,Mission Square,Riverside | East,9500000,153225.81,62,1,Private Investor,Frontier Communities,Finished,Final Map,2014-05-07,2014,Riverside | East,Riverside,CA,92506,B,Central,33.955902,-117.34,24,#31AADE,2014-05-07,153225.81
167,Azalea,Rancho Cucamonga,4100000,191000.0,45,1,Jonathan Wilson,Manning Homes,Unimproved,Tentative Tract Map,2014-05-02,2014,Rancho Cucamonga,Rancho Cucamonga,CA,91701,A,Northwest,34.103319,-117.575174,24,#31AADE,2014-05-02,191000.0
168,Alberhill Ranch - PA 5B,Lake Elsinore | West,2300000,112000.0,43,1,Castle & Cooke,KB Home,Finished,Final Map,2014-05-01,2015,Lake Elsinore | West,Lake Elsinore,CA,92530,C,Central Valley,33.694187,-117.38,24,#31AADE,2014-05-01,112000.0
169,Canyon Cove PA1,Menifee | South,8250000,125000.0,112,1,Brookfield Homes,Woodside Homes,Blue Topped,Improvement Plans,2014-05-01,2015,Menifee | South,Menifee,CA,92584,C,Central Valley,33.627179999999996,-117.16,24,#31AADE,2014-05-01,125000.0
170,Jurupa IDI | PA 1,Jurupa Valley,27750000,215000.0,217,2,Wheelock Street Capital,DR Horton,Unimproved,Tentative Tract Map,2014-04-25,2014,Jurupa Valley,Jurupa Valley,CA,92509,B,Central,33.979847,-117.451575,24,#31AADE,2014-04-25,215000.0
171,Mission Estates,Jurupa Valley,16638000,149000.0,177,1,Foremost Communities,DR Horton,Finished,Final Map,2014-04-16,2014,Jurupa Valley,Jurupa Valley,CA,92509,B,Central,33.979847,-117.451575,24,#31AADE,2014-04-16,149000.0
172,Madison Square,Fontana | South,4200000,177000.0,53,1,MDM Investment Group,Frontier Communities,Unimproved,Final Map,2014-03-12,2014,Fontana | South,Fontana,CA,92337,B,North,34.061709,-117.45,24,#31AADE,2014-03-12,177000.0
173,The Ridge at Cal Oaks,Murrieta,4000000,115000.0,102,1,CityView,DR Horton,Partially Improved,Improvement Plans,2014-01-30,2014,Murrieta,Murrieta,CA,92562,A,Temecula Valley,33.560832,-117.210656,24,#31AADE,2014-01-30,115000.0
174,8th & Sultana,Upland,14000000,150000.0,209,2,"Kpt Properties, LLC",William Lyon Homes,Unimproved,Tentative Tract Map,2014-01-15,2014,Upland,Upland,CA,91785,A,Northwest,34.09751,-117.64838799999998,24,#31AADE,2014-01-15,150000.0
175,McSweeny 29,Hemet,965000,78000.0,29,1,Sydney Holdings,Woodside Homes,Finished,Final Map,2014-01-07,2014,Hemet,Hemet,CA,92545,C,East Valley,33.778562,-117.03576699999999,24,#31AADE,2014-01-07,78000.0
176,Magnolia Heights,Upland,10000000,203000.0,97,1,Colonies Partners LP,Frontier Communities,Partially Improved,Tentative Tract Map,2014-01-07,2014,Upland,Upland,CA,91785,A,Northwest,34.09751,-117.64838799999998,24,#31AADE,2014-01-07,203000.0
177,Almeria,Fontana | South,600000,122000.0,27,1,Cornerstone Baptist Church,Frontier Communities,Unimproved,Not Initiated,2013-12-30,2013,Fontana | South,Fontana,CA,92337,B,North,34.061709,-117.45,24,#31AADE,2013-12-30,122000.0
178,Rancon FV 41,French Valley,2250000,168000.0,41,1,Rancon Group,K Hovnanian Homes,Unimproved,Tentative Tract Map,2013-12-30,2013,French Valley,French Valley,CA,92563,B,Temecula Valley,33.59941,-117.109172,24,#31AADE,2013-12-30,168000.0
179,Riverwalk Vista | V4,Riverside | West,13300000,195000.0,111,1,Foremost Communities,Richmond American,Blue Topped,Improvement Plans,2013-12-30,2013,Riverside | West,Riverside,CA,92503,A,Central,33.927766999999996,-117.45,24,#31AADE,2013-12-30,195000.0
180,Riverwalk Vista | V5,Riverside | West,6300000,222000.0,52,1,Foremost Communities,Richmond American,Blue Topped,Improvement Plans,2013-12-30,2013,Riverside | West,Riverside,CA,92503,A,Central,33.927766999999996,-117.45,24,#31AADE,2013-12-30,222000.0
181,French Valley 45,French Valley,11139087,160000.0,132,1,CV Communities,Lennar Homes,Unimproved,Tentative Tract Map,2013-12-27,2013,French Valley,French Valley,CA,92563,B,Temecula Valley,33.59941,-117.109172,24,#31AADE,2013-12-27,160000.0
182,Lakes at Menifee,Menifee | South,8383024,125000.0,273,3,CV Communities,Lennar Homes,Partially Improved,Tentative Tract Map,2013-12-27,2013,Menifee | South,Menifee,CA,92584,C,Central Valley,33.627179999999996,-117.16,24,#31AADE,2013-12-27,125000.0
183,West Haven,Ontario,35599144,250000.0,143,1,CV Communities,Lennar Homes,Unimproved,Final Map,2013-12-27,2013,Ontario,Ontario,CA,91761,A,Northwest,34.034544,-117.610133,24,#31AADE,2013-12-27,250000.0
184,Parkside PA 2,Ontario,13452000,130000.0,152,1,Brookfield Land,TRI Pointe Homes,Blue Topped,Improvement Plans,2013-12-27,2013,Ontario,Ontario,CA,91761,A,Northwest,34.034544,-117.610133,24,#31AADE,2013-12-27,130000.0
185,Lake Matthews GCC,Riverside | West,40881598,250000.0,295,3,CV Communities,Lennar Homes,Unimproved,Final Map,2013-12-27,2013,Riverside | West,Riverside,CA,92503,A,Central,33.927766999999996,-117.45,24,#31AADE,2013-12-27,250000.0
186,Walcott,Temecula,3045000,202000.0,55,1,Walcott Investments,Van Daele Homes,Unimproved,Tentative Tract Map,2013-12-27,2013,Temecula,Temecula,CA,92591,A,Temecula Valley,33.494634999999995,-117.14736599999999,24,#31AADE,2013-12-27,202000.0
187,North Ranch 84,Wildomar,8727532,120000.0,84,1,CV Communities,Lennar Homes,Unimproved,Tentative Tract Map,2013-12-27,2013,Wildomar,Wildomar,CA,92532,B,Temecula Valley,33.593937,-117.241499,24,#31AADE,2013-12-27,120000.0
188,Summery | N7,Lake Elsinore | West,3850000,107000.0,78,1,McMillin Communities,Woodside Homes,Blue Topped,Final Map,2013-12-20,2013,Lake Elsinore | West,Lake Elsinore,CA,92530,C,Central Valley,33.694187,-117.38,24,#31AADE,2013-12-20,107000.0
189,Northwood,Fontana | North,8775000,175000.0,117,1,Blackmon Homes,Lennar Homes,Unimproved,Improvement Plans,2013-12-18,2013,Fontana | North,Fontana,CA,92336,B,North,34.133412,-117.45,24,#31AADE,2013-12-18,175000.0
190,Patterson Ranch,Redlands,2080000,180000.0,26,1,"Brush Creek Ranch, LLC",Frontier Communities,Unimproved,Tentative Tract Map,2013-12-16,2013,Redlands,Redlands,CA,92373,B,North,34.055735,-117.188896,24,#31AADE,2013-12-16,180000.0
191,Spring Moutain Ranch | Phase 1,Riverside | East,30800000,145000.0,435,3,iStar Financial,KB Home,Blue Topped,Final Map,2013-12-13,2013,Riverside | East,Riverside,CA,92506,B,Central,33.955902,-117.34,24,#31AADE,2013-12-13,145000.0
192,Marigold,Menifee | South,3738000,133000.0,42,1,Continental East Trading,Woodside Homes,Finished,Final Map,2013-12-11,2013,Menifee | South,Menifee,CA,92584,C,Central Valley,33.627179999999996,-117.16,24,#31AADE,2013-12-11,133000.0
193,Hunter's Ridge,Murrieta,19000000,215000.0,109,1,PIMCO,Pulte Homes,Finished,Final Map,2013-12-05,2013,Murrieta,Murrieta,CA,92562,A,Temecula Valley,33.560832,-117.210656,24,#31AADE,2013-12-05,215000.0
194,Crystal View,Chino Hills,6100000,275000.0,29,1,Horizon Pacific Holdings,Warmington Residential,Unimproved,Improvement Plans,2013-11-21,2013,Chino Hills,Chino Hills,CA,91709,A,Northwest,33.99268,-117.760056,24,#31AADE,2013-11-21,275000.0
195,Citrus Village,Upland,7560000,300000.0,42,1,Red Mountain Retail Group,Meritage Homes,Unimproved,Tentative Tract Map,2013-11-20,2013,Upland,Upland,CA,91785,A,Northwest,34.09751,-117.64838799999998,24,#31AADE,2013-11-20,300000.0
196,Audie Murphy Ranch | PA 32 & 33,Menifee | South,11349000,127000.0,117,1,Brookfield Land,Richmond American,Blue Topped,Final Map,2013-11-13,2013,Menifee | South,Menifee,CA,92584,C,Central Valley,33.627179999999996,-117.16,24,#31AADE,2013-11-13,127000.0
197,Audie Murphy Ranch | PA 34,Menifee | South,6210000,135000.0,69,1,Brookfield Land,Woodside Homes,Finished,Final Map,2013-11-13,2013,Menifee | South,Menifee,CA,92584,C,Central Valley,33.627179999999996,-117.16,24,#31AADE,2013-11-13,135000.0
198,Park Place NMC- PA 8,Ontario,8188000,238000.0,46,1,Stratham & Lewis,CalAtlantic,Blue Topped,Improvement Plans,2013-11-12,2013,Ontario,Ontario,CA,91761,A,Northwest,34.034544,-117.610133,24,#31AADE,2013-11-12,238000.0
199,Park Place NMC- PA 12,Ontario,8692000,224000.0,53,1,Stratham & Lewis,KB Home,Blue Topped,Improvement Plans,2013-11-12,2013,Ontario,Ontario,CA,91761,A,Northwest,34.034544,-117.610133,24,#31AADE,2013-11-12,224000.0
200,Park Place NMC- PA 9,Ontario,10696000,215000.0,69,1,Stratham & Lewis,KB Home,Blue Topped,Improvement Plans,2013-11-12,2013,Ontario,Ontario,CA,91761,A,Northwest,34.034544,-117.610133,24,#31AADE,2013-11-12,215000.0
201,Park Place NMC- PA 10,Ontario,9120000,220000.0,57,1,Stratham & Lewis,TRI Pointe Homes,Blue Topped,Improvement Plans,2013-11-12,2013,Ontario,Ontario,CA,91761,A,Northwest,34.034544,-117.610133,24,#31AADE,2013-11-12,220000.0
202,Park Place NMC- PA 6,Ontario,12864000,252000.0,67,1,Stratham & Lewis,TRI Pointe Homes,Blue Topped,Improvement Plans,2013-11-12,2013,Ontario,Ontario,CA,91761,A,Northwest,34.034544,-117.610133,24,#31AADE,2013-11-12,252000.0
203,Park Place NMC- PA 13,Ontario,10875000,190000.0,75,1,Stratham & Lewis,Woodside Homes,Partially Improved,Improvement Plans,2013-11-12,2013,Ontario,Ontario,CA,91761,A,Northwest,34.034544,-117.610133,24,#31AADE,2013-11-12,190000.0
204,Park Place NMC- PA 7,Ontario,13975000,280000.0,65,1,Stratham & Lewis,Woodside Homes,Blue Topped,Improvement Plans,2013-11-12,2013,Ontario,Ontario,CA,91761,A,Northwest,34.034544,-117.610133,24,#31AADE,2013-11-12,280000.0
205,Capistrano,French Valley,6750000,162000.0,60,1,Global Investments,Meritage Homes,Finished,Final Map,2013-11-06,2013,French Valley,French Valley,CA,92563,B,Temecula Valley,33.59941,-117.109172,24,#31AADE,2013-11-06,162000.0
206,Belamaria,Ontario,14500000,190000.0,130,1,John Borba,Frontier Communities,Unimproved,Not Initiated,2013-11-05,2013,Ontario,Ontario,CA,91761,A,Northwest,34.034544,-117.610133,24,#31AADE,2013-11-05,190000.0
207,The Highlands,Riverside | West,16560000,270000.0,72,1,The Jones Company,DR Horton,Finished,Final Map,2013-11-05,2013,Riverside | West,Riverside,CA,92503,A,Central,33.927766999999996,-117.45,24,#31AADE,2013-11-05,270000.0
208,Meridian,Rancho Cucamonga,9118000,202000.0,94,1,Jeff Lee,KB Home,Unimproved,Tentative Tract Map,2013-10-21,2013,Rancho Cucamonga,Rancho Cucamonga,CA,91701,A,Northwest,34.103319,-117.575174,24,#31AADE,2013-10-21,202000.0
209,Sierra Crest,Fontana | North,11220000,173000.0,187,3,Lewis Communities,Meritage Homes,Unimproved,Final Map,2013-10-20,2013,Fontana | North,Fontana,CA,92336,B,North,34.133412,-117.45,24,#31AADE,2013-10-20,173000.0
210,Alberhill Ranch | 28214-5,Lake Elsinore | West,5214000,119000.0,66,1,Castle & Cooke,KB Home,Finished,Final Map,2013-10-18,2013,Lake Elsinore | West,Lake Elsinore,CA,92530,C,Central Valley,33.694187,-117.38,24,#31AADE,2013-10-18,119000.0
211,Mango Fontana,Fontana | South,400000,135000.0,20,1,Palm Investment Group,Frontier Communities,Unimproved,Tentative Tract Map,2013-10-11,2013,Fontana | South,Fontana,CA,92337,B,North,34.061709,-117.45,24,#31AADE,2013-10-11,135000.0
212,Primrose,Fontana | South,1150000,157500.0,20,1,Oakwood Investments LLC,Frontier Communities,Unimproved,Conceptual,2013-10-11,2013,Fontana | South,Fontana,CA,92337,B,North,34.061709,-117.45,24,#31AADE,2013-10-11,157500.0
213,Charleston Estates,Redlands,1700000,215000.0,15,1,Hamid Roknian,Melia Homes,Unimproved,Tentative Tract Map,2013-10-03,2013,Redlands,Redlands,CA,92373,B,North,34.055735,-117.188896,24,#31AADE,2013-10-03,215000.0
214,Sycamore Creek | 15B,Corona,17365000,211000.0,87,1,Foremost Communities,TRI Pointe Homes,Finished,Final Map,2013-09-30,2013,Corona,Corona,CA,92882,A,Northwest,33.875295,-117.566445,24,#31AADE,2013-09-30,211000.0
215,Riverwalk Vista | Topaz II,Riverside | West,7682000,227500.0,49,1,Foremost Communities,TRI Pointe Homes,Blue Topped,Improvement Plans,2013-09-30,2013,Riverside | West,Riverside,CA,92503,A,Central,33.927766999999996,-117.45,24,#31AADE,2013-09-30,227500.0
216,Bloomington Lane,Rialto,2300000,99000.0,24,1,Encore Rialto Investments LLC,Frontier Communities,Finished,Final Map,2013-09-25,2013,Rialto,Rialto,CA,92376,C,Central,34.1064,-117.370324,24,#31AADE,2013-09-25,99000.0
217,Bellegrave 300,Jurupa Valley,42000000,225000.0,300,3,Stratham Group,William Lyon Homes,Unimproved,Improvement Plans,2013-09-18,2013,Jurupa Valley,Jurupa Valley,CA,92509,B,Central,33.979847,-117.451575,24,#31AADE,2013-09-18,225000.0
218,Ameron,Rancho Cucamonga,13000000,195000.0,291,3,To Be Determined,Lennar Homes,Unimproved,Tentative Tract Map,2013-09-18,2013,Rancho Cucamonga,Rancho Cucamonga,CA,91701,A,Northwest,34.103319,-117.575174,24,#31AADE,2013-09-18,195000.0
219,Stratford Ranch 137,Perris,9727000,105000.0,137,1,Mission Pacific Land Company,Richmond American,Blue Topped,Final Map,2013-09-17,2013,Perris,Perris,CA,92570,C,Central Valley,33.782519,-117.22864799999999,24,#31AADE,2013-09-17,105000.0
220,Renaissance at Citrus Heights,Fontana | North,1650000,166000.0,12,1,"LC Citrus Heights, LLC",Van Daele Homes,Finished,Final Map,2013-09-13,2013,Fontana | North,Fontana,CA,92336,B,North,34.133412,-117.45,24,#31AADE,2013-09-13,166000.0
221,Mosaic Granite,Menifee | South,2500000,100000.0,55,1,Watt Communities,DR Horton,Finished,Final Map,2013-09-06,2013,Menifee | South,Menifee,CA,92584,C,Central Valley,33.627179999999996,-117.16,24,#31AADE,2013-09-06,100000.0
222,Montelena,Rialto,1592000,57000.0,35,1,Encore Rialto Investments LLC,Frontier Communities,Finished,Final Map,2013-08-30,2013,Rialto,Rialto,CA,92376,C,Central,34.1064,-117.370324,24,#31AADE,2013-08-30,57000.0
223,Sultana,Fontana | South,26082000,166000.0,332,3,Young Homes,Lennar Homes,Unimproved,Tentative Tract Map,2013-08-20,2013,Fontana | South,Fontana,CA,92337,B,North,34.061709,-117.45,24,#31AADE,2013-08-20,166000.0
224,El Dorado,Menifee | North,30000000,125000.0,269,3,Rancon Group,Lennar Homes,Finished,Final Map,2013-08-15,2013,Menifee | North,Menifee,CA,92586,C,Central Valley,33.700987,-117.18,24,#31AADE,2013-08-15,125000.0
225,Lexington Heights,Riverside | West,9600000,202000.0,90,1,Everest Holdings,William Lyon Homes,Unimproved,Final Map,2013-08-08,2013,Riverside | West,Riverside,CA,92503,A,Central,33.927766999999996,-117.45,24,#31AADE,2013-08-08,202000.0
226,Fairview Pointe,Fontana | South,540000,133750.0,16,1,Gloria Lushing,Frontier Communities,Unimproved,Not Initiated,2013-08-06,2013,Fontana | South,Fontana,CA,92337,B,North,34.061709,-117.45,24,#31AADE,2013-08-06,133750.0
227,Estancia,Moreno Valley,1750000,101000.0,55,1,"CI Funding, LLC",Frontier Communities,Blue Topped,Final Map,2013-08-02,2013,Moreno Valley,Moreno Valley,CA,92555,B,Central,33.937517,-117.230594,24,#31AADE,2013-08-02,101000.0
228,Luz del Sol,San Jacinto,3200000,62000.0,195,2,Private Lender,Frontier Communities,Partially Improved,Final Map,2013-08-01,2013,San Jacinto,San Jacinto,CA,92582,C,East Valley,33.783966,-116.958909,24,#31AADE,2013-08-01,62000.0
229,Morningstar Ranch | Phase 1,French Valley,21250000,165000.0,170,2,Brookfield Land,CalAtlantic,Finished,Final Map,2013-07-24,2013,French Valley,French Valley,CA,92563,B,Temecula Valley,33.59941,-117.109172,24,#31AADE,2013-07-24,165000.0
230,Cleveland Square,Eastvale,26961000,217000.0,207,3,Stratham Group,KB Home,Unimproved,Tentative Tract Map,2013-07-19,2013,Eastvale,Eastvale,CA,92880,A,Northwest,33.97668,-117.559844,24,#31AADE,2013-07-19,217000.0
231,Amberhill Estates,Corona,1315000,316000.0,14,1,Dick Frame,Harmony California,Unimproved,Final Map,2013-07-17,2013,Corona,Corona,CA,92882,A,Northwest,33.875295,-117.566445,24,#31AADE,2013-07-17,316000.0
232,Sycamore Creek | PA 14,Corona,9204000,225000.0,59,1,Forestar Group,Van Daele Homes,Blue Topped,Final Map,2013-07-02,2013,Corona,Corona,CA,92882,A,Northwest,33.875295,-117.566445,24,#31AADE,2013-07-02,225000.0
233,Providence Pointe,Fontana | South,10455000,128000.0,205,2,"Kaeding, L.P.",DR Horton,Unimproved,Tentative Tract Map,2013-06-28,2013,Fontana | South,Fontana,CA,92337,B,North,34.061709,-117.45,24,#31AADE,2013-06-28,128000.0
234,The Trails at Eastvale,Eastvale,32687350,223000.0,224,2,Richland Communities,DR Horton,Unimproved,Tentative Tract Map,2013-06-25,2013,Eastvale,Eastvale,CA,92880,A,Northwest,33.97668,-117.559844,24,#31AADE,2013-06-25,223000.0
235,Stellan Ridge,Riverside | West,7000000,285000.0,48,1,Mission Pacific Land Company,Warmington Residential,Partially Improved,Final Map,2013-06-25,2013,Riverside | West,Riverside,CA,92503,A,Central,33.927766999999996,-117.45,24,#31AADE,2013-06-25,285000.0
236,North Valley Village,Eastvale,33600000,225000.0,224,2,Van Daele Development,DR Horton,Unimproved,Final Map,2013-06-24,2013,Eastvale,Eastvale,CA,92880,A,Northwest,33.97668,-117.559844,24,#31AADE,2013-06-24,225000.0
237,The Colony at University Park,San Bernardino,1350000,111000.0,22,1,University Park Holdings,Frontier Communities,Blue Topped,Final Map,2013-06-13,2013,San Bernardino,San Bernardino,CA,92401,B,North,34.108345,-117.28976499999999,24,#31AADE,2013-06-13,111000.0
238,Maple Heights II,Rialto,770000,125200.0,17,1,Chau Property Development Co LLC,Frontier Communities,Unimproved,Not Initiated,2013-05-07,2013,Rialto,Rialto,CA,92376,C,Central,34.1064,-117.370324,24,#31AADE,2013-05-07,125200.0
239,Rosena Ranch 73,San Bernardino,8468000,137000.0,73,1,Foremost Communities,CalAtlantic,Finished,Final Map,2013-05-01,2013,San Bernardino,San Bernardino,CA,92401,B,North,34.108345,-117.28976499999999,24,#31AADE,2013-05-01,137000.0
240,Maple Heights,Rialto,1400000,119000.0,20,1,S&S Homes,Frontier Communities,Unimproved,Tentative Tract Map,2013-04-16,2013,Rialto,Rialto,CA,92376,C,Central,34.1064,-117.370324,24,#31AADE,2013-04-16,119000.0
241,Accacia at Sundance,Beaumont | East,3296000,111500.0,64,1,Pardee Homes,Richmond American,Blue Topped,Final Map,2013-04-03,2013,Beaumont | East,Beaumont,CA,92223,C,The Pass,33.946834,-116.95,24,#31AADE,2013-04-03,111500.0
242,Alberhill Ranch 5AA,Lake Elsinore | West,2928000,101000.0,48,1,Castle & Cooke,CalAtlantic,Finished,Final Map,2013-03-26,2013,Lake Elsinore | West,Lake Elsinore,CA,92530,C,Central Valley,33.694187,-117.38,24,#31AADE,2013-03-26,101000.0
243,Paseo del Sol HD,Temecula,7900000,125000.0,186,2,Brehm Communities,TRI Pointe Homes,Partially Improved,Tentative Tract Map,2013-03-26,2013,Temecula,Temecula,CA,92591,A,Temecula Valley,33.494634999999995,-117.14736599999999,24,#31AADE,2013-03-26,125000.0
244,Hughes 81,Redlands,3000000,110000.0,81,1,Everett Hughes,Diversified Pacific,Unimproved,Tentative Tract Map,2013-03-15,2013,Redlands,Redlands,CA,92373,B,North,34.055735,-117.188896,24,#31AADE,2013-03-15,110000.0
245,Mahogany Village,Menifee | North,3000000,104000.0,108,1,Continental East Trading,DR Horton,Blue Topped,Improvement Plans,2013-03-11,2013,Menifee | North,Menifee,CA,92586,C,Central Valley,33.700987,-117.18,24,#31AADE,2013-03-11,104000.0
246,Summerly | N2,Lake Elsinore | West,1320413,68750.0,106,1,McMillin Communities,CalAtlantic,Finished,Final Map,2013-03-01,2013,Lake Elsinore | West,Lake Elsinore,CA,92530,C,Central Valley,33.694187,-117.38,24,#31AADE,2013-03-01,68750.0
247,Summerly | N3,Lake Elsinore | West,2153531,85500.0,76,1,McMillin Communities,Meritage Homes,Blue Topped,Final Map,2013-03-01,2013,Lake Elsinore | West,Lake Elsinore,CA,92530,C,Central Valley,33.694187,-117.38,24,#31AADE,2013-03-01,85500.0
248,Preserve 63,Chino,8515899,160000.0,64,1,Lewis Communities,KB Home,Finished,Improvement Plans,2013-01-15,2013,Chino,Chino,CA,91710,A,Northwest,34.013356,-117.690075,24,#31AADE,2013-01-15,160000.0
249,Atherton - CAA,Temecula,4250000,191000.0,62,1,Highpointe Communities,CalAtlantic,Unimproved,Improvement Plans,2013-01-03,2013,Temecula,Temecula,CA,92591,A,Temecula Valley,33.494634999999995,-117.14736599999999,24,#31AADE,2013-01-03,191000.0
250,Atherton - LEN,Temecula,4250000,191000.0,62,1,Highpointe Communities,Lennar Homes,Unimproved,Improvement Plans,2013-01-03,2013,Temecula,Temecula,CA,92591,A,Temecula Valley,33.494634999999995,-117.14736599999999,24,#31AADE,2013-01-03,191000.0
251,Sweetwater Ranch (entire),French Valley,6784000,105000.0,128,1,Continental East Trading,Meritage Homes,Finished,Improvement Plans,2012-12-28,2012,French Valley,French Valley,CA,92563,B,Temecula Valley,33.59941,-117.109172,24,#31AADE,2012-12-28,105000.0
252,Spencers Crossing 38,French Valley,2146500,103000.0,38,1,Brookfield Land,Richmond American,Blue Topped,Improvement Plans,2012-12-28,2012,French Valley,French Valley,CA,92563,B,Temecula Valley,33.59941,-117.109172,24,#31AADE,2012-12-28,103000.0
253,Parkside PA 1,Ontario,10226187,155526.0,93,1,Brookfield Land,KB Home,Blue Topped,Improvement Plans,2012-12-28,2012,Ontario,Ontario,CA,91761,A,Northwest,34.034544,-117.610133,24,#31AADE,2012-12-28,155526.0
254,Parkside PA 3,Ontario,7300000,180714.0,57,1,Brookfield Land,KB Home,Blue Topped,Improvement Plans,2012-12-28,2012,Ontario,Ontario,CA,91761,A,Northwest,34.034544,-117.610133,24,#31AADE,2012-12-28,180714.0
255,Terracina - CAA,Temecula,10749625,191000.0,103,1,Highpointe Communities,CalAtlantic,Unimproved,Improvement Plans,2012-12-28,2012,Temecula,Temecula,CA,92591,A,Temecula Valley,33.494634999999995,-117.14736599999999,24,#31AADE,2012-12-28,191000.0
256,Terracina - LEN,Temecula,10749625,191000.0,103,1,Highpointe Communities,Lennar Homes,Unimproved,Improvement Plans,2012-12-28,2012,Temecula,Temecula,CA,92591,A,Temecula Valley,33.494634999999995,-117.14736599999999,24,#31AADE,2012-12-28,191000.0
257,Audie Murphy Ranch PA 25,Menifee | South,3720000,91000.0,93,1,Brookfield Land,Richmond American,Finished,Improvement Plans,2012-12-12,2012,Menifee | South,Menifee,CA,92584,C,Central Valley,33.627179999999996,-117.16,24,#31AADE,2012-12-12,91000.0
258,Vernola Etiwanda,Rancho Cucamonga,3100000,175000.0,43,1,Vernola Family,Lennar Homes,Unimproved,Tentative Tract Map,2012-12-05,2012,Rancho Cucamonga,Rancho Cucamonga,CA,91701,A,Northwest,34.103319,-117.575174,24,#31AADE,2012-12-05,175000.0
259,Morgan Valley,Temecula,2775000,160000.0,59,1,Gary Cox & Friends,DR Horton,Unimproved,Final Map,2012-11-27,2012,Temecula,Temecula,CA,92591,A,Temecula Valley,33.494634999999995,-117.14736599999999,24,#31AADE,2012-11-27,160000.0
260,Roripaugh Ranch PA1,Temecula,8632000,133000.0,98,1,Wingsweep,KB Home,Finished,Final Map,2012-11-19,2012,Temecula,Temecula,CA,92591,A,Temecula Valley,33.494634999999995,-117.14736599999999,24,#31AADE,2012-11-19,133000.0
261,Andalusia II,Wildomar,2200000,110000.0,44,1,Sabal Financial,Lennar Homes,Blue Topped,Final Map,2012-11-15,2012,Wildomar,Wildomar,CA,92532,B,Temecula Valley,33.593937,-117.241499,24,#31AADE,2012-11-15,110000.0
262,Vila Borba,Chino Hills,46000000,260000.0,501,4,Mary Parente,CalAtlantic,Unimproved,Improvement Plans,2012-10-17,2012,Chino Hills,Chino Hills,CA,91709,A,Northwest,33.99268,-117.760056,24,#31AADE,2012-10-17,260000.0
263,Sycamore Creek | 15A,Corona,8536220,130000.0,115,1,Foremost Communities,Woodside Homes,Blue Topped,Final Map,2012-10-17,2012,Corona,Corona,CA,92882,A,Northwest,33.875295,-117.566445,24,#31AADE,2012-10-17,130000.0
264,Pharris Fields,Jurupa Valley,13767576,152425.0,203,2,Pharris Properties,Lennar Homes,Unimproved,Tentative Tract Map,2012-10-12,2012,Jurupa Valley,Jurupa Valley,CA,92509,B,Central,33.979847,-117.451575,24,#31AADE,2012-10-12,152425.0
265,Redlands Summit,Redlands,850000,174000.0,6,1,Capstone Advisors,GFR Homes,Finished,Final Map,2012-10-10,2012,Redlands,Redlands,CA,92373,B,North,34.055735,-117.188896,24,#31AADE,2012-10-10,174000.0
266,The Enclave | 2nd Take,Eastvale,24395000,150000.0,245,4,Lewis Communities,KB Home,Blue Topped,Final Map,2012-10-05,2012,Eastvale,Eastvale,CA,92880,A,Northwest,33.97668,-117.559844,24,#31AADE,2012-10-05,150000.0
267,Hearthside Lane,Eastvale,9319500,177500.0,63,1,Foremost Communities,Beazer Homes,Finished,Final Map,2012-10-02,2012,Eastvale,Eastvale,CA,92880,A,Northwest,33.97668,-117.559844,24,#31AADE,2012-10-02,177500.0
268,Riverwalk Vista | Village 3,Riverside | West,3060000,107000.0,42,1,Artisan Communities,Woodside Homes,Finished,Final Map,2012-08-31,2012,Riverside | West,Riverside,CA,92503,A,Central,33.927766999999996,-117.45,24,#31AADE,2012-08-31,107000.0
269,Wildomar 23,Wildomar,600000,98995.0,67,1,US Bank,Lennar Homes,Unimproved,Design Review,2012-06-25,2012,Wildomar,Wildomar,CA,92532,B,Temecula Valley,33.593937,-117.241499,24,#31AADE,2012-06-25,98995.0
270,The Palms,Eastvale,11760000,170000.0,196,2,Altfilich Construction,Lennar Homes,Unimproved,Design Review,2012-06-15,2012,Eastvale,Eastvale,CA,92880,A,Northwest,33.97668,-117.559844,24,#31AADE,2012-06-15,170000.0
271,Stable Falls,Rancho Cucamonga,3000000,210000.0,30,1,Ashco,Lennar Homes,Unimproved,Tentative Tract Map,2012-04-18,2012,Rancho Cucamonga,Rancho Cucamonga,CA,91701,A,Northwest,34.103319,-117.575174,24,#31AADE,2012-04-18,210000.0
272,Chardonnay Hills,Temecula,815000,139405.0,42,1,Home Bank of CA,Lennar Homes,Unimproved,Tentative Tract Map,2012-04-05,2012,Temecula,Temecula,CA,92591,A,Temecula Valley,33.494634999999995,-117.14736599999999,24,#31AADE,2012-04-05,139405.0
273,Walnut III,Fontana | South,6650000,120000.0,74,1,Young Homes,DR Horton,Finished,Final Map,2012-03-15,2012,Fontana | South,Fontana,CA,92337,B,North,34.061709,-117.45,24,#31AADE,2012-03-15,120000.0
274,Harvest,Rancho Cucamonga,10100000,166500.0,119,2,Lewis Communities,Beazer Homes,Unimproved,Tentative Tract Map,2012-02-28,2012,Rancho Cucamonga,Rancho Cucamonga,CA,91701,A,Northwest,34.103319,-117.575174,24,#31AADE,2012-02-28,166500.0
275,Roripaugh Ranch PA 4A,Temecula,10700000,147500.0,100,1,HRA Real Estate Management,CalAtlantic,Finished,Final Map,2012-02-27,2012,Temecula,Temecula,CA,92591,A,Temecula Valley,33.494634999999995,-117.14736599999999,24,#31AADE,2012-02-27,147500.0
276,Roripaugh Ranch PA3,Temecula,8662500,140000.0,99,1,HRA Real Estate Management,CalAtlantic,Finished,Final Map,2012-02-17,2012,Temecula,Temecula,CA,92591,A,Temecula Valley,33.494634999999995,-117.14736599999999,24,#31AADE,2012-02-17,140000.0
277,Roripaugh Ranch PA 4B,Temecula,7980000,140000.0,114,1,Sunwood & Associates,Van Daele Homes,Blue Topped,Final Map,2012-02-17,2012,Temecula,Temecula,CA,92591,A,Temecula Valley,33.494634999999995,-117.14736599999999,24,#31AADE,2012-02-17,140000.0
278,Andalusia I,Wildomar,2114000,90000.0,55,1,US Bank,Lennar Homes,Finished,Final Map,2011-12-27,2011,Wildomar,Wildomar,CA,92532,B,Temecula Valley,33.593937,-117.241499,24,#31AADE,2011-12-27,90000.0
279,Spencer's Crossing 88,French Valley,5155920,90000.0,88,1,Brookfield Land,DR Horton,Finished,Final Map,2011-12-22,2011,French Valley,French Valley,CA,92563,B,Temecula Valley,33.59941,-117.109172,24,#31AADE,2011-12-22,90000.0
280,Richland 173,Eastvale,14186000,170000.0,173,2,Richland Communities,DR Horton,Unimproved,Final Map,2011-11-30,2011,Eastvale,Eastvale,CA,92880,A,Northwest,33.97668,-117.559844,24,#31AADE,2011-11-30,170000.0
281,Auburn Lane,Chino,4434500,125000.0,43,1,OneWest Bank,DR Horton,Finished,Final Map,2011-10-24,2011,Chino,Chino,CA,91710,A,Northwest,34.013356,-117.690075,24,#31AADE,2011-10-24,125000.0
282,Victoria Meadows,Rancho Cucamonga,2190000,140000.0,32,1,Karros Fund LP,Crestwood Homes,Unimproved,Final Map,2011-09-21,2011,Rancho Cucamonga,Rancho Cucamonga,CA,91701,A,Northwest,34.103319,-117.575174,24,#31AADE,2011-09-21,140000.0
283,The Retreat | PA 14,Corona,3337500,206875.0,20,1,Central Pacific Bank,CalAtlantic,Finished,Final Map,2011-08-24,2011,Corona,Corona,CA,92882,A,Northwest,33.875295,-117.566445,24,#31AADE,2011-08-24,206875.0
284,Riverwalk Vista | Village 2,Riverside | West,4603000,130000.0,36,1,Bank of the West,TRI Pointe Homes,Finished,Final Map,2011-07-20,2011,Riverside | West,Riverside,CA,92503,A,Central,33.927766999999996,-117.45,24,#31AADE,2011-07-20,130000.0
285,Riverwalk Vista | Village 3,Riverside | West,7000000,105000.0,42,1,City National Bank,Artisan Communities,Finished,Final Map,2011-07-01,2011,Riverside | West,Riverside,CA,92503,A,Central,33.927766999999996,-117.45,24,#31AADE,2011-07-01,105000.0
286,Westerly Place 27,Perris,338000,90000.0,27,1,Kaufman Capital,Woodside Homes,Finished,Final Map,2011-06-30,2011,Perris,Perris,CA,92570,C,Central Valley,33.782519,-117.22864799999999,24,#31AADE,2011-06-30,90000.0
287,Aspen Creek,Beaumont | West,3850000,75000.0,77,1,Loma Verde,RSI Communities,Finished,Final Map,2011-06-16,2011,Beaumont | West,Beaumont,CA,92223,C,The Pass,33.960834999999996,-117.05,24,#31AADE,2011-06-16,75000.0
288,Riverwalk Vista | Village 1,Riverside | West,7109000,160000.0,68,1,Wachovia Bank,TRI Pointe Homes,Finished,Final Map,2011-04-01,2011,Riverside | West,Riverside,CA,92503,A,Central,33.927766999999996,-117.45,24,#31AADE,2011-04-01,160000.0
289,Paseos,French Valley,3651500,68000.0,122,1,Rancon Group,DR Horton,Partially Improved,Final Map,2011-03-31,2011,French Valley,French Valley,CA,92563,B,Temecula Valley,33.59941,-117.109172,24,#31AADE,2011-03-31,68000.0
290,Sundance | PA 18,Beaumont | East,4500000,90000.0,71,1,Pardee Homes,Richmond American,Finished,Final Map,2011-03-30,2011,Beaumont | East,Beaumont,CA,92223,C,The Pass,33.946834,-116.95,24,#31AADE,2011-03-30,90000.0
291,Summerly | N6,Lake Elsinore | West,3762000,90000.0,66,1,McMillin Communities,Beazer Homes,Finished,Final Map,2011-03-30,2011,Lake Elsinore | West,Lake Elsinore,CA,92530,C,Central Valley,33.694187,-117.38,24,#31AADE,2011-03-30,90000.0
292,Rancho Vista II,Wildomar,4274963,100000.0,77,1,US Bank,Meritage Homes,Partially Improved,Final Map,2011-03-26,2011,Wildomar,Wildomar,CA,92532,B,Temecula Valley,33.593937,-117.241499,24,#31AADE,2011-03-26,100000.0
293,Palmilla San Jacinto Oaks,San Jacinto,418000,42000.0,31,1,"San Jacinto Oaks, LLC",Osborne Development,Finished,Final Map,2011-03-11,2011,San Jacinto,San Jacinto,CA,92582,C,East Valley,33.783966,-116.958909,24,#31AADE,2011-03-11,42000.0
294,The Pinnacle at University Hills,San Bernardino,4320000,130000.0,54,1,Watson & Associates,DR Horton,Finished,Final Map,2011-02-23,2011,San Bernardino,San Bernardino,CA,92401,B,North,34.108345,-117.28976499999999,24,#31AADE,2011-02-23,130000.0
295,Spencer's Crossing,French Valley,4500000,100000.0,68,1,Brookfield Land,Woodside Homes,Finished,Final Map,2011-01-20,2011,French Valley,French Valley,CA,92563,B,Temecula Valley,33.59941,-117.109172,24,#31AADE,2011-01-20,100000.0
296,Alberhill Ranch 5A,Lake Elsinore | West,2805000,95000.0,51,1,Castle & Cooke,CalAtlantic,Finished,Final Map,2010-12-30,2010,Lake Elsinore | West,Lake Elsinore,CA,92530,C,Central Valley,33.694187,-117.38,24,#31AADE,2010-12-30,95000.0
297,Northstar at Summerly,Lake Elsinore | West,4264000,92500.0,74,1,McMillin Communities,Richmond American,Finished,Final Map,2010-12-30,2010,Lake Elsinore | West,Lake Elsinore,CA,92530,C,Central Valley,33.694187,-117.38,24,#31AADE,2010-12-30,92500.0
298,Mosaico,San Jacinto,540000,50000.0,43,1,Distinguished Homes,Pacific Communities,Finished,Final Map,2010-12-30,2010,San Jacinto,San Jacinto,CA,92582,C,East Valley,33.783966,-116.958909,24,#31AADE,2010-12-30,50000.0
299,Tava 63,Rancho Cucamonga,7875000,240000.0,63,1,TAVA Development,K Hovnanian Homes,Unimproved,Tentative Tract Map,2010-12-15,2010,Rancho Cucamonga,Rancho Cucamonga,CA,91701,A,Northwest,34.103319,-117.575174,24,#31AADE,2010-12-15,240000.0
300,Eastvale Grove (Collinsworth),Eastvale,20000012,157522.0,203,2,Lennar Homes,Pulte Homes,Partially Improved,Final Map,2010-11-30,2010,Eastvale,Eastvale,CA,92880,A,Northwest,33.97668,-117.559844,24,#31AADE,2010-11-30,157522.0
301,Morgan's Run,Fontana | South,5940000,145000.0,66,1,Crestwood Homes,Meritage Homes,Finished,Final Map,2010-11-18,2010,Fontana | South,Fontana,CA,92337,B,North,34.061709,-117.45,24,#31AADE,2010-11-18,145000.0
302,La Sierra Villas,Riverside | East,4000000,96492.0,63,1,Steven Walker Homes,KB Home,Partially Improved,Improvement Plans,2010-11-18,2010,Riverside | East,Riverside,CA,92506,B,Central,33.955902,-117.34,24,#31AADE,2010-11-18,96492.0
303,Gallery Oaks,Menifee | South,1265000,95000.0,23,1,Cordes and Company,Pacific Communities,Finished,Final Map,2010-11-09,2010,Menifee | South,Menifee,CA,92584,C,Central Valley,33.627179999999996,-117.16,24,#31AADE,2010-11-09,95000.0
304,River Road,Eastvale,5500000,162500.0,92,1,Spectrum Communities,Meritage Homes,Unimproved,Final Map,2010-11-02,2010,Eastvale,Eastvale,CA,92880,A,Northwest,33.97668,-117.559844,24,#31AADE,2010-11-02,162500.0
305,Ironwood Estates,Rancho Cucamonga,10200000,186000.0,81,1,Granite Homes,Meritage Homes,Unimproved,Tentative Tract Map,2010-10-21,2010,Rancho Cucamonga,Rancho Cucamonga,CA,91701,A,Northwest,34.103319,-117.575174,24,#31AADE,2010-10-21,186000.0
306,Crafton Hills,Yucaipa,5700000,130000.0,76,1,To Be Determined,Beazer Homes,Finished,Final Map,2010-10-15,2010,Yucaipa,Yucaipa,CA,92399,B,The Pass,34.040931,-117.051671,24,#31AADE,2010-10-15,130000.0
307,Marvilla,Temecula,8200000,100000.0,221,1,American Property Enterprises,Woodside Homes,Partially Improved,Final Map,2010-10-14,2010,Temecula,Temecula,CA,92591,A,Temecula Valley,33.494634999999995,-117.14736599999999,24,#31AADE,2010-10-14,100000.0
308,Crown Valley Village,French Valley,8000000,110000.0,177,2,Richland Communities,KB Home,Blue Topped,Final Map,2010-10-05,2010,French Valley,French Valley,CA,92563,B,Temecula Valley,33.59941,-117.109172,24,#31AADE,2010-10-05,110000.0
309,Meridian,Chino,14877000,157000.0,171,2,Bank of the West,KB Home,Finished,Final Map,2010-10-01,2010,Chino,Chino,CA,91710,A,Northwest,34.013356,-117.690075,24,#31AADE,2010-10-01,157000.0
310,Chino College Park - CAA,Chino,33750000,127734.38,640,6,iStar Financial,CalAtlantic,Partially Improved,Improvement Plans,2010-09-23,2010,Chino,Chino,CA,91710,A,Northwest,34.013356,-117.690075,24,#31AADE,2010-09-23,127734.38
311,Chino College Park - LEN,Chino,33750000,127734.38,640,6,iStar Financial,Lennar Homes,Partially Improved,Improvement Plans,2010-09-23,2010,Chino,Chino,CA,91710,A,Northwest,34.013356,-117.690075,24,#31AADE,2010-09-23,127734.38
312,Kona I & II,French Valley,4980000,110000.0,83,1,To Be Determined,Meritage Homes,Finished,Final Map,2010-09-15,2010,French Valley,French Valley,CA,92563,B,Temecula Valley,33.59941,-117.109172,24,#31AADE,2010-09-15,110000.0
313,The Enclave | 1st Take,Eastvale,22500000,145000.0,245,4,Lewis Communities,KB Home,Blue Topped,Final Map,2010-09-09,2010,Eastvale,Eastvale,CA,92880,A,Northwest,33.97668,-117.559844,24,#31AADE,2010-09-09,145000.0
314,Terra Bella,Menifee | South,4500000,108000.0,61,1,Capstone Advisors,Beazer Homes,Finished,Final Map,2010-08-27,2010,Menifee | South,Menifee,CA,92584,C,Central Valley,33.627179999999996,-117.16,24,#31AADE,2010-08-27,108000.0
315,Citrus II,Fontana | South,600000,145000.0,56,1,Bank of America,Meritage Homes,Unimproved,Tentative Tract Map,2010-08-18,2010,Fontana | South,Fontana,CA,92337,B,North,34.061709,-117.45,24,#31AADE,2010-08-18,145000.0
316,Citrus III,Fontana | South,2720000,145000.0,32,1,Bank of America,Meritage Homes,Blue Topped,Improvement Plans,2010-08-18,2010,Fontana | South,Fontana,CA,92337,B,North,34.061709,-117.45,24,#31AADE,2010-08-18,145000.0
317,Oak Estates,Corona,1400000,190000.0,10,1,First Citizens Bank,Meritage Homes,Finished,Final Map,2010-07-29,2010,Corona,Corona,CA,92882,A,Northwest,33.875295,-117.566445,24,#31AADE,2010-07-29,190000.0
318,Lantana,Murrieta,3003000,98000.0,91,1,Ion Communities,DR Horton,Blue Topped,Final Map,2010-07-15,2010,Murrieta,Murrieta,CA,92562,A,Temecula Valley,33.560832,-117.210656,24,#31AADE,2010-07-15,98000.0
319,Victoria Arbors 31,Rancho Cucamonga,3113500,217000.0,31,1,To Be Determined,Richmond American,Unimproved,Tentative Tract Map,2010-07-15,2010,Rancho Cucamonga,Rancho Cucamonga,CA,91701,A,Northwest,34.103319,-117.575174,24,#31AADE,2010-07-15,217000.0
320,Tournament Hills PA 7,Beaumont | West,7174000,87960.0,111,1,Pardee Homes,Richmond American,Finished,Final Map,2010-06-16,2010,Beaumont | West,Beaumont,CA,92223,C,The Pass,33.960834999999996,-117.05,24,#31AADE,2010-06-16,87960.0
321,Cimarron,Menifee | North,7000000,109043.93,774,1,Bank Midwest,Van Daele Homes,Partially Improved,Tentative Tract Map,2010-06-16,2010,Menifee | North,Menifee,CA,92586,C,Central Valley,33.700987,-117.18,24,#31AADE,2010-06-16,109043.93
322,Monument Park,Perris,17400000,93000.0,337,3,US Bank,KB Home,Partially Improved,Final Map,2010-06-07,2010,Perris,Perris,CA,92570,C,Central Valley,33.782519,-117.22864799999999,24,#31AADE,2010-06-07,93000.0
323,Shady Trails,Fontana | North,14500000,145000.0,273,3,Lewis Communities,KB Home,Blue Topped,Improvement Plans,2010-06-04,2010,Fontana | North,Fontana,CA,92336,B,North,34.133412,-117.45,24,#31AADE,2010-06-04,145000.0
324,Collinsworth,Eastvale,17952000,168000.0,204,1,Richland Communities,Lennar Homes,Unimproved,Final Map,2010-05-28,2010,Eastvale,Eastvale,CA,92880,A,Northwest,33.97668,-117.559844,24,#31AADE,2010-05-28,168000.0
325,Cypress at Canyon Hills,Lake Elsinore | East,8868045,93000.0,131,1,Pardee Homes,Richmond American,Finished,Final Map,2010-05-19,2010,Lake Elsinore | East,Lake Elsinore,CA,92595,C,Central Valley,33.662155,-117.29,24,#31AADE,2010-05-19,93000.0
326,Savannah,Moreno Valley,6834000,109735.0,98,1,Richland Communities,RSI Communities,Blue Topped,Final Map,2010-05-19,2010,Moreno Valley,Moreno Valley,CA,92555,B,Central,33.937517,-117.230594,24,#31AADE,2010-05-19,109735.0
327,ForestGate,Corona,9361000,160000.0,67,1,Stratham Group,Meritage Homes,Finished,Final Map,2010-05-12,2010,Corona,Corona,CA,92882,A,Northwest,33.875295,-117.566445,24,#31AADE,2010-05-12,160000.0
328,Sereno Heights,Moreno Valley,1050000,74384.0,26,1,Distinguished Homes,Beazer Homes,Finished,Final Map,2010-04-21,2010,Moreno Valley,Moreno Valley,CA,92555,B,Central,33.937517,-117.230594,24,#31AADE,2010-04-21,74384.0
329,Marsden II,Menifee | South,750000,85000.0,15,1,Capital Pacific Real Estate Group,Richmond American,Finished,Final Map,2010-04-13,2010,Menifee | South,Menifee,CA,92584,C,Central Valley,33.627179999999996,-117.16,24,#31AADE,2010-04-13,85000.0
330,Spencer's Crossing 103,French Valley,6695000,100000.0,103,1,Brookfield Land,Van Daele Homes,Finished,Final Map,2010-04-12,2010,French Valley,French Valley,CA,92563,B,Temecula Valley,33.59941,-117.109172,24,#31AADE,2010-04-12,100000.0
331,Orchard Heights at Lake Hills,Riverside | West,13100000,195823.0,79,1,Warmington Residential,Richmond American,Finished,Final Map,2010-04-07,2010,Riverside | West,Riverside,CA,92503,A,Central,33.927766999999996,-117.45,24,#31AADE,2010-04-07,195823.0
332,Morgan Hill,Temecula,18500000,130000.0,351,4,Chase Bank,CalAtlantic,Partially Improved,Final Map,2010-04-02,2010,Temecula,Temecula,CA,92591,A,Temecula Valley,33.494634999999995,-117.14736599999999,24,#31AADE,2010-04-02,130000.0
333,Paseo del Sol | PA 3,Temecula,4373500,122660.0,100,1,Newland Communities,CalAtlantic,Blue Topped,Final Map,2010-03-26,2010,Temecula,Temecula,CA,92591,A,Temecula Valley,33.494634999999995,-117.14736599999999,24,#31AADE,2010-03-26,122660.0
334,Paseo del Sol | PA 2,Temecula,3580500,99457.0,118,1,Newland Communities,KB Home,Blue Topped,Final Map,2010-03-26,2010,Temecula,Temecula,CA,92591,A,Temecula Valley,33.494634999999995,-117.14736599999999,24,#31AADE,2010-03-26,99457.0
335,Paseo del Sol | PA 1,Temecula,2904500,110863.0,73,1,Newland Communities,Lennar Homes,Blue Topped,Final Map,2010-03-26,2010,Temecula,Temecula,CA,92591,A,Temecula Valley,33.494634999999995,-117.14736599999999,24,#31AADE,2010-03-26,110863.0
336,Rancho Vista II,Wildomar,2781000,90000.0,29,1,US Bank,DR Horton,Finished,Final Map,2010-03-26,2010,Wildomar,Wildomar,CA,92532,B,Temecula Valley,33.593937,-117.241499,24,#31AADE,2010-03-26,90000.0
337,Madison at Rosetta Canyon,Lake Elsinore | East,7263718,76000.0,113,1,Pulte Homes,Richmond American,Finished,Final Map,2010-03-24,2010,Lake Elsinore | East,Lake Elsinore,CA,92595,C,Central Valley,33.662155,-117.29,24,#31AADE,2010-03-24,76000.0
338,Orchard Glen,Corona,12150000,185000.0,90,1,Farrallon Capital Management,CalAtlantic,Finished,Final Map,2010-03-17,2010,Corona,Corona,CA,92882,A,Northwest,33.875295,-117.566445,24,#31AADE,2010-03-17,185000.0
339,Sienna,Eastvale,6160000,132000.0,56,1,Regent Properties,Richmond American,Finished,Final Map,2010-03-17,2010,Eastvale,Eastvale,CA,92880,A,Northwest,33.97668,-117.559844,24,#31AADE,2010-03-17,132000.0
340,Mission Ranch 29696,Riverside | West,6380000,95000.0,116,1,Farrallon Capital Management,CalAtlantic,Finished,Final Map,2010-03-17,2010,Riverside | West,Riverside,CA,92503,A,Central,33.927766999999996,-117.45,24,#31AADE,2010-03-17,95000.0
341,Hemmingway at Redhawk,Temecula,5162500,127500.0,59,1,Farrallon Capital Management,CalAtlantic,Finished,Final Map,2010-03-17,2010,Temecula,Temecula,CA,92591,A,Temecula Valley,33.494634999999995,-117.14736599999999,24,#31AADE,2010-03-17,127500.0
342,Stratford at Redhawk,Temecula,4560000,106000.0,57,1,Farrallon Capital Management,Richmond American,Finished,Final Map,2010-03-17,2010,Temecula,Temecula,CA,92591,A,Temecula Valley,33.494634999999995,-117.14736599999999,24,#31AADE,2010-03-17,106000.0
343,Etiwanda Estates 97,Rancho Cucamonga,12870000,177680.0,97,1,Regent Properties,CalAtlantic,Finished,Final Map,2010-03-12,2010,Rancho Cucamonga,Rancho Cucamonga,CA,91701,A,Northwest,34.103319,-117.575174,24,#31AADE,2010-03-12,177680.0
344,The Retreat,Corona,11935000,195000.0,77,1,"Pacific Terra Holdings, LLC",CalAtlantic,Finished,Final Map,2010-03-10,2010,Corona,Corona,CA,92882,A,Northwest,33.875295,-117.566445,24,#31AADE,2010-03-10,195000.0
345,Canyon Village,Wildomar,1170000,85000.0,34,1,Century American,DR Horton,Finished,Final Map,2010-02-26,2010,Wildomar,Wildomar,CA,92532,B,Temecula Valley,33.593937,-117.241499,24,#31AADE,2010-02-26,85000.0
346,Crestview at Rosetta Hills,Lake Elsinore | East,2231775,86355.0,65,1,"Shopoff Group, The",DR Horton,Finished,Final Map,2010-02-17,2010,Lake Elsinore | East,Lake Elsinore,CA,92595,C,Central Valley,33.662155,-117.29,24,#31AADE,2010-02-17,86355.0
347,Kenton Place,Murrieta,4100000,120000.0,41,1,Capital Pacific Real Estate Group,KB Home,Finished,Final Map,2010-02-17,2010,Murrieta,Murrieta,CA,92562,A,Temecula Valley,33.560832,-117.210656,24,#31AADE,2010-02-17,120000.0
348,Harveston,Temecula,12010432,115000.0,180,3,Clearview Investments,Richmond American,Partially Improved,Final Map,2010-02-17,2010,Temecula,Temecula,CA,92591,A,Temecula Valley,33.494634999999995,-117.14736599999999,24,#31AADE,2010-02-17,115000.0
349,Etiwanda Estates,Rancho Cucamonga,13825000,185000.0,79,1,Regent Properties,K Hovnanian Homes,Finished,Final Map,2010-02-10,2010,Rancho Cucamonga,Rancho Cucamonga,CA,91701,A,Northwest,34.103319,-117.575174,24,#31AADE,2010-02-10,185000.0
350,Rancho Bella Vista,Temecula,9800000,113725.0,714,8,"Garrett Group, LLC",Lennar Homes,Unimproved,Specific Plan,2010-01-20,2010,Temecula,Temecula,CA,92591,A,Temecula Valley,33.494634999999995,-117.14736599999999,24,#31AADE,2010-01-20,113725.0
351,Traditions,Riverside | West,1725000,130000.0,26,1,Guaranty Bank,TRI Pointe Homes,Finished,Final Map,2010-01-15,2010,Riverside | West,Riverside,CA,92503,A,Central,33.927766999999996,-117.45,24,#31AADE,2010-01-15,130000.0
352,Marsden,Menifee | South,3566000,83000.0,54,1,Saybrook Community Capital,Richmond American,Finished,Final Map,2009-12-23,2009,Menifee | South,Menifee,CA,92584,C,Central Valley,33.627179999999996,-117.16,24,#31AADE,2009-12-23,83000.0
353,Cimarron Trail,Eastvale,11011000,156793.0,77,1,Cal National Bank,KB Home,Finished,Final Map,2009-12-18,2009,Eastvale,Eastvale,CA,92880,A,Northwest,33.97668,-117.559844,24,#31AADE,2009-12-18,156793.0
354,Hearthside Lane,Eastvale,8351000,148000.0,71,1,Foremost Communities,Meritage Homes,Finished,Final Map,2009-12-17,2009,Eastvale,Eastvale,CA,92880,A,Northwest,33.97668,-117.559844,24,#31AADE,2009-12-17,148000.0
355,Whisper Ridge,Corona,1791960,87000.0,40,1,GMAC ResCap,Richmond American,Finished,Final Map,2009-12-09,2009,Corona,Corona,CA,92882,A,Northwest,33.875295,-117.566445,24,#31AADE,2009-12-09,87000.0
356,Spencer's Crossing,French Valley,4000000,87000.0,71,1,Brookfield Land,Richmond American,Finished,Final Map,2009-12-09,2009,French Valley,French Valley,CA,92563,B,Temecula Valley,33.59941,-117.109172,24,#31AADE,2009-12-09,87000.0
357,Bridgegate,Lake Elsinore | East,4550000,83925.0,93,1,Pardee Homes,Richmond American,Finished,Final Map,2009-12-09,2009,Lake Elsinore | East,Lake Elsinore,CA,92595,C,Central Valley,33.662155,-117.29,24,#31AADE,2009-12-09,83925.0
358,Ruffino at Morgan Hill,Temecula,5200000,127500.0,56,1,McMillin Communities,Richmond American,Finished,Final Map,2009-10-14,2009,Temecula,Temecula,CA,92591,A,Temecula Valley,33.494634999999995,-117.14736599999999,24,#31AADE,2009-10-14,127500.0
359,Woodhaven,Beaumont | East,1755000,60000.0,62,1,"Hearthside Homes, Inc.",Richmond American,Finished,Final Map,2009-09-24,2009,Beaumont | East,Beaumont,CA,92223,C,The Pass,33.946834,-116.95,24,#31AADE,2009-09-24,60000.0
360,Stratford at Township,Eastvale,10500000,130962.0,104,1,US Bank,Richmond American,Finished,Final Map,2009-09-24,2009,Eastvale,Eastvale,CA,92880,A,Northwest,33.97668,-117.559844,24,#31AADE,2009-09-24,130962.0
361,Montevina at Morgan Hill,Temecula,5278000,115000.0,65,1,McMillin Communities,Meritage Homes,Finished,Final Map,2009-09-24,2009,Temecula,Temecula,CA,92591,A,Temecula Valley,33.494634999999995,-117.14736599999999,24,#31AADE,2009-09-24,115000.0
362,Meadowside,Eastvale,3612000,95150.0,80,1,GMAC ResCap,Lennar Homes,Finished,Final Map,2009-07-31,2009,Eastvale,Eastvale,CA,92880,A,Northwest,33.97668,-117.559844,24,#31AADE,2009-07-31,95150.0
363,Trenton Square,Eastvale,7488000,110000.0,96,1,Chase Bank,CalAtlantic,Finished,Final Map,2009-07-15,2009,Eastvale,Eastvale,CA,92880,A,Northwest,33.97668,-117.559844,24,#31AADE,2009-07-15,110000.0
364,Marsden III,Menifee | South,800000,80000.0,103,1,"MCA Financial Group, Ltd.",RSI Communities,Blue Topped,Improvement Plans,2009-07-15,2009,Menifee | South,Menifee,CA,92584,C,Central Valley,33.627179999999996,-117.16,24,#31AADE,2009-07-15,80000.0
365,ForestGate,Corona,2010000,80000.0,67,1,California Bank & Trust,Stratham Group,Finished,Final Map,2009-04-15,2009,Corona,Corona,CA,92882,A,Northwest,33.875295,-117.566445,24,#31AADE,2009-04-15,80000.0
366,The Woods,Winchester,7200000,130000.0,123,1,Avanti Investments,DR Horton,Finished,Improvement Plans,2018-09-18,2018,Winchester,Winchester,CA,92596,C,Central Valley,33.719382,-117.06328500000001,24,#31AADE,2018-09-18,130000.0
367,Harvest Preserve - Autumn & Olive Grove II,Chino,24600000,230000.0,150,2,Lewis Communities,Lennar Homes,Blue Topped,Final Map,2018-09-10,2018,Chino,Chino,CA,91710,A,Northwest,34.013356,-117.690075,24,#31AADE,2018-09-10,230000.0
368,Esperanza Phase II,Ontario,0,180000.0,289,3,GDC Communities,Lennar Homes,Unimproved,Final Map,2018-09-05,2018,Ontario,Ontario,CA,91761,A,Northwest,34.034544,-117.610133,24,#31AADE,2018-09-05,180000.0
369,Blue Ribbon KB 97,Moreno Valley,0,145000.0,97,1,blue ribbon enterprises,KB Home,Unimproved,Improvement Plans,2018-08-31,2018,Moreno Valley,Moreno Valley,CA,92555,B,Central,33.937517,-117.230594,24,#31AADE,2018-08-31,145000.0
370,The Villas at Summerwind Trails,Calimesa,4918427,136480.0,80,1,SunCal Companies,Meritage Homes,Blue Topped,Final Map,2018-08-29,2018,Calimesa,Calimesa,CA,92320,B,The Pass,34.003904,-117.061977,24,#31AADE,2018-08-29,136480.0
371,Winchester Ridge,Winchester,7000000,136000.0,377,3,Capstone Advisors,DR Horton,Partially Improved,Tentative Tract Map,2018-08-21,2018,Winchester,Winchester,CA,92596,C,Central Valley,33.719382,-117.06328500000001,24,#31AADE,2018-08-21,136000.0
372,Lugonia Judson 105,Redlands,13650000,215000.0,105,1,Newbridge Homes,KB Home,Unimproved,Tentative Tract Map,2018-08-03,2018,Redlands,Redlands,CA,92373,B,North,34.055735,-117.188896,24,#31AADE,2018-08-03,215000.0
373,Sierra Crest II,Fontana | North,15382500,170000.0,179,3,Lewis Communities,K Hovnanian Homes,Unimproved,Final Map,2018-07-28,2018,Fontana | North,Fontana,CA,92336,B,North,34.133412,-117.45,24,#31AADE,2018-07-28,170000.0
374,Spring Mountain West,Riverside | West,4350000,136000.0,72,1,The Shopoff Group,Lennar Homes,Partially Improved,Tentative Tract Map,2018-07-06,2018,Riverside | West,Riverside,CA,92503,A,Central,33.927766999999996,-117.45,24,#31AADE,2018-07-06,136000.0
375,Lakeshore Village,Lake Elsinore | West,2450000,96000.0,146,10,Sunwood Ventures,Pardee Homes,Unimproved,Tentative Tract Map,2018-06-29,2018,Lake Elsinore | West,Lake Elsinore,CA,92530,C,Central Valley,33.694187,-117.38,24,#31AADE,2018-06-29,96000.0
376,Orchard Park,Loma Linda,22400000,235000.0,224,1,Highpointe Communities,Lennar Homes,Unimproved,Improvement Plans,2018-06-28,2018,Loma Linda,Loma Linda,CA,92354,B,North,34.075626,-117.252048,24,#31AADE,2018-06-28,235000.0
377,Monte Vista Ranch,Wildomar,4508000,176000.0,70,1,Pacific Cove Investments,KB Home,Unimproved,Final Map,2018-06-28,2018,Wildomar,Wildomar,CA,92532,B,Temecula Valley,33.593937,-117.241499,24,#31AADE,2018-06-28,176000.0
378,Neighborhood 19 at Summerly,Lake Elsinore | East,5780208,155000.0,58,1,Pacific Ventures,DR Horton,Blue Topped,Final Map,2018-06-28,2018,Lake Elsinore | East,Lake Elsinore,CA,92595,C,Central Valley,33.662155,-117.29,24,#31AADE,2018-06-28,155000.0
379,Bouma Preserve,Chino,30000000,235000.0,200,2,Richland Communities,Lennar Homes,Unimproved,Tentative Tract Map,2018-06-20,2018,Chino,Chino,CA,91710,A,Northwest,34.013356,-117.690075,24,#31AADE,2018-06-20,235000.0
380,Spring Mountain Ranch | Phase 3,Riverside | West,52000000,184000.0,638,6,iStar Financial,KB Home,Partially Improved,Final Map,2018-06-18,2018,Riverside | West,Riverside,CA,92503,A,Central,33.927766999999996,-117.45,24,#31AADE,2018-06-18,184000.0
381,Nova at Bedford Canyon,Corona,19050000,245024.0,96,1,The New Home Company,Woodside Homes,Blue Topped,Final Map,2018-06-15,2018,Corona,Corona,CA,92882,A,Northwest,33.875295,-117.566445,24,#31AADE,2018-06-15,245024.0
382,Sausalito Home Gardens,Corona,6172500,188000.0,65,1,Planet Home Living,Woodside Homes,Unimproved,Improvement Plans,2018-06-12,2018,Corona,Corona,CA,92882,A,Northwest,33.875295,-117.566445,24,#31AADE,2018-06-12,188000.0
383,Pulte Harada 75,Eastvale,13574545,255000.0,75,1,Harada Exemption Trust,Pulte Homes,Unimproved,Final Map,2018-06-06,2018,Eastvale,Eastvale,CA,92880,A,Northwest,33.97668,-117.559844,24,#31AADE,2018-06-06,255000.0
384,Park Place NMC - PA 19,Ontario,6737500,175000.0,60,1,Stratham & Lewis,KB Home,Blue Topped,Improvement Plans,2018-06-04,2018,Ontario,Ontario,CA,91761,A,Northwest,34.034544,-117.610133,24,#31AADE,2018-06-04,175000.0
385,El Paseo,Fontana | North,17200000,151369.0,241,2,Griffin Residential,KB Home,Unimproved,Tentative Tract Map,2018-06-01,2018,Fontana | North,Fontana,CA,92336,B,North,34.133412,-117.45,24,#31AADE,2018-06-01,151369.0
386,Avenue 176,Ontario,27280000,255000.0,176,2,Distinguished Homes,Lennar Homes,Unimproved,Final Map,2018-06-01,2018,Ontario,Ontario,CA,91761,A,Northwest,34.034544,-117.610133,24,#31AADE,2018-06-01,255000.0
387,Summerwind Bungalows,Calimesa,10322935,125000.0,161,1,SunCal Companies,DR Horton,Blue Topped,Improvement Plans,2018-05-30,2018,Calimesa,Calimesa,CA,92320,B,The Pass,34.003904,-117.061977,24,#31AADE,2018-05-30,125000.0
388,Neighborhood 18 at Summerly,Lake Elsinore | East,5185000,153000.0,58,1,Pacific Ventures,Beazer Homes,Blue Topped,Final Map,2018-05-18,2018,Lake Elsinore | East,Lake Elsinore,CA,92595,C,Central Valley,33.662155,-117.29,24,#31AADE,2018-05-18,153000.0
389,Lennar Harvest Phase II,Upland,26161000,188000.0,193,2,Lewis Communities,Lennar Homes,Partially Improved,Final Map,2018-05-18,2018,Upland,Upland,CA,91785,A,Northwest,34.09751,-117.64838799999998,24,#31AADE,2018-05-18,188000.0
390,Underwood KB,Menifee | South,17400000,140000.0,512,5,CV Communities,KB Home,Unimproved,Improvement Plans,2018-03-21,2018,Menifee | South,Menifee,CA,92584,C,Central Valley,33.627179999999996,-117.16,24,#31AADE,2018-03-21,140000.0
391,Menifee Town Center Courtyard,Menifee | South,7437500,119500.0,125,1,Regent Properties,Lennar Homes,Partially Improved,Design Review,2018-03-15,2018,Menifee | South,Menifee,CA,92584,C,Central Valley,33.627179999999996,-117.16,24,#31AADE,2018-03-15,119500.0
392,Harvest Phase II,Upland,0,188000.0,150,2,Lewis Communities,CalAtlantic Homes,Partially Improved,Improvement Plans,2018-03-15,2018,Upland,Upland,CA,91785,A,Northwest,34.09751,-117.64838799999998,24,#31AADE,2018-03-15,188000.0
393,Menifee Town Center Towns,Menifee | North,8218600,87700.0,218,1,Regent Properties,Lennar Homes,Partially Improved,Design Review,2018-03-15,2018,Menifee | North,Menifee,CA,92586,C,Central Valley,33.700987,-117.18,24,#31AADE,2018-03-15,87700.0
394,Menifee Town Center PA 5,Menifee | North,10000000,129355.0,155,2,Regent Properties,RSI Communities,Partially Improved,Design Review,2018-03-15,2018,Menifee | North,Menifee,CA,92586,C,Central Valley,33.700987,-117.18,24,#31AADE,2018-03-15,129355.0
395,Roripaugh Ranch,Temecula,39000000,190000.0,1300,10,Sabal Financial,Woodside Homes,Partially Improved,Tentative Tract Map,2018-03-06,2018,Temecula,Temecula,CA,92591,A,Temecula Valley,33.494634999999995,-117.14736599999999,24,#31AADE,2018-03-06,190000.0
396,Colonies PA 22,Upland,5050000,180000.0,49,1,Colonies Partners LP,Watt Communities,Partially Improved,Tentative Tract Map,2018-03-02,2018,Upland,Upland,CA,91785,A,Northwest,34.09751,-117.64838799999998,24,#31AADE,2018-03-02,180000.0
397,Spencers Crossing PA 22,French Valley,0,0.0,68,1,Brookfield Residential,TBD,Finished,Final Map,2018-02-15,2018,French Valley,French Valley,CA,92563,B,Temecula Valley,33.59941,-117.109172,24,#31AADE,2018-02-15,0.0
398,Sendero - PA 1,Eastvale,13192000,157000.0,136,1,Stratham Group,Lennar Homes,Blue Topped,Improvement Plans,2018-02-15,2018,Eastvale,Eastvale,CA,92880,A,Northwest,33.97668,-117.559844,24,#31AADE,2018-02-15,157000.0
399,Sendero - PA 2,Eastvale,11520000,188000.0,94,1,Stratham Group,Lennar Homes,Blue Topped,Improvement Plans,2018-02-15,2018,Eastvale,Eastvale,CA,92880,A,Northwest,33.97668,-117.559844,24,#31AADE,2018-02-15,188000.0
400,Sendero - PA 3,Eastvale,0,0.0,82,1,Stratham Group,Century Communities,Blue Topped,Improvement Plans,2018-02-15,2018,Eastvale,Eastvale,CA,92880,A,Northwest,33.97668,-117.559844,24,#31AADE,2018-02-15,0.0
401,Green Valley 169,Perris,0,135000.0,169,2,Raintree Partners,Lennar Homes,Unimproved,Improvement Plans,2018-02-15,2018,Perris,Perris,CA,92570,C,Central Valley,33.782519,-117.22864799999999,24,#31AADE,2018-02-15,135000.0
402,Talavera,Menifee | South,5300000,138000.0,173,2,True Life Communities,KB Home,Blue Topped,Improvement Plans,2018-02-14,2018,Menifee | South,Menifee,CA,92584,C,Central Valley,33.627179999999996,-117.16,24,#31AADE,2018-02-14,138000.0
403,Mosaic Menifee,Menifee | South,0,143000.0,63,1,Watt Communities,Pulte Homes,Blue Topped,Final Map,2018-02-06,2018,Menifee | South,Menifee,CA,92584,C,Central Valley,33.627179999999996,-117.16,24,#31AADE,2018-02-06,143000.0
404,Pleasant Valley,Winchester,10000000,114000.0,202,2,"Watermarke Properties, Inc.",RSI Communities,Partially Improved,Final Map,2018-02-01,2018,Winchester,Winchester,CA,92596,C,Central Valley,33.719382,-117.06328500000001,24,#31AADE,2018-02-01,114000.0
405,Neighborhood 17 at Summerly,Lake Elsinore | East,5420600,147000.0,65,1,Pacific Ventures,Richmond American,Blue Topped,Final Map,2018-01-30,2018,Lake Elsinore | East,Lake Elsinore,CA,92595,C,Central Valley,33.662155,-117.29,24,#31AADE,2018-01-30,147000.0
406,Citrus 105,Fontana | North,16100000,220000.0,105,1,Grand Pacific Communities,Pulte Homes,Unimproved,Improvement Plans,2018-01-24,2018,Fontana | North,Fontana,CA,92336,B,North,34.133412,-117.45,24,#31AADE,2018-01-24,220000.0
407,Summerwind PA7 & PA8,Calimesa,13650000,135000.0,246,2,SunCal Companies,Lennar Homes,Blue Topped,Improvement Plans,2018-01-23,2018,Calimesa,Calimesa,CA,92320,B,The Pass,34.003904,-117.061977,24,#31AADE,2018-01-23,135000.0
408,French Valley South,French Valley,0,180000.0,230,4,Mission Pacific Land Company,Lennar Homes,Partially Improved,Improvement Plans,2018-01-17,2018,French Valley,French Valley,CA,92563,B,Temecula Valley,33.59941,-117.109172,24,#31AADE,2018-01-17,180000.0
409,Countryside Phase III,Ontario,5123485,195000.0,39,2,Foremost Communities,DR Horton,Finished,Final Map,2018-01-11,2018,Ontario,Ontario,CA,91761,A,Northwest,34.034544,-117.610133,24,#31AADE,2018-01-11,195000.0
410,Prado,Eastvale,21277500,184000.0,243,1,Lewis Communities,Lennar Homes,Unimproved,Final Map,2018-01-10,2018,Eastvale,Eastvale,CA,92880,A,Northwest,33.97668,-117.559844,24,#31AADE,2018-01-10,184000.0
411,Brewart Chino 127,Chino,17934000,240000.0,127,2,Stratham Group,Century Communities,Unimproved,Tentative Tract Map,2018-01-09,2018,Chino,Chino,CA,91710,A,Northwest,34.013356,-117.690075,24,#31AADE,2018-01-09,240000.0
412,Alderwood | PA 4B,Murrieta,7384283,154000.0,64,1,SunCal Companies,DR Horton,Finished,Improvement Plans,2018-01-07,2018,Murrieta,Murrieta,CA,92562,A,Temecula Valley,33.560832,-117.210656,24,#31AADE,2018-01-07,154000.0
