Neighborhood,Community,Market,Owner,Owner Profile,Site Condition,Deal Status,Year Acquired,Total Units,Community Count,Total Sold,Unsold Homes,Start Date,Monthly Sales
Alberhill Ranch | 28214-7B,Alberhill Ranch,Lake Elsinore | West,Castle & Cooke,Master Developer,Partially Improved,Held,Legacy,97,1,0,97,1/1/2025,4
Alberhill Ranch | 28214-8B,Alberhill Ranch,Lake Elsinore | West,Castle & Cooke,Master Developer,Partially Improved,Held,Legacy,99,1,0,99,1/1/2025,4
Alberhill Ranch | 28214-7A,Alberhill Ranch,Lake Elsinore | West,Castle & Cooke,Master Developer,Partially Improved,Held,Legacy,100,1,0,100,1/1/2025,4
Alberhill Ranch | 28214-8A,Alberhill Ranch,Lake Elsinore | West,Castle & Cooke,Master Developer,Partially Improved,Held,Legacy,100,1,0,100,1/1/2025,4
Skypoint at Alberhill Ranch,Alberhill Ranch,Lake Elsinore | West,KB Home,Homebuilder,Sold Out,Active,2013,82,1,82,0,2/1/2017,4
Hunters Pointe,Alderwood,Murrieta,DR Horton,Homebuilder,Active,Held,2017,64,1,54,10,8/31/2018,4
Emerson,Alderwood,Murrieta,DR Horton,Homebuilder,Active,Held,2017,60,1,48,12,8/31/2018,4
The Preserve,Alderwood,Murrieta,William Lyon Homes,Homebuilder,Active,Held,2016,207,1,50,157,1/1/2018,4
Arboretum Phase IB,Arboretum,Fontana | North,Lennar Homes,Homebuilder,Partially Improved,Held,2017,146,1,0,146,3/1/2019,4
Arboretum Phase IC,Arboretum,Fontana | North,Lennar Homes,Homebuilder,Partially Improved,Held,2017,146,1,0,146,3/1/2019,4
Arboretum Phase ID,Arboretum,Fontana | North,Lennar Homes,Homebuilder,Partially Improved,Held,2017,146,1,0,146,3/1/2019,4
Arboretum Phase IA,Arboretum,Fontana | North,Lennar Homes,Homebuilder,Partially Improved,Held,2017,147,1,0,147,3/1/2019,4
The District,Arrow Station,Montclair,Meritage Homes,Homebuilder,Sold Out,Active,2014,99,1,99,0,8/31/2018,4
Vita,Atlis,Beaumont | East,Pardee Homes,Homebuilder,Finished,Held,Legacy,157,1,0,157,10/1/2018,4
Avid,Atlis,Beaumont | East,Pardee Homes,Homebuilder,Finished,Held,Legacy,169,1,0,169,10/1/2018,4
Mira,Atlis,Beaumont | East,Pardee Homes,Homebuilder,Finished,Held,Legacy,181,1,0,181,10/1/2018,4
Elan,Atlis,Beaumont | East,Pardee Homes,Homebuilder,Finished,Held,Legacy,197,1,0,197,10/1/2018,4
Province,Audie Murphy Ranch,Menifee | South,Brookfield Residential,Homebuilder,Active,Active,2009,93,1,84,9,8/31/2018,4
AMR | PA 9,Audie Murphy Ranch,Menifee | South,Brookfield Residential,Homebuilder,Partially Improved,Held,2009,43,1,0,43,1/1/2025,4
AMR | PA 10,Audie Murphy Ranch,Menifee | South,Brookfield Residential,Master Developer,Partially Improved,Held,2009,43,1,0,43,1/1/2025,4
AMR | PA 11A,Audie Murphy Ranch,Menifee | South,Brookfield Residential,Master Developer,Partially Improved,Held,2009,44,1,0,44,1/1/2025,4
AMR | PA 1B,Audie Murphy Ranch,Menifee | South,Brookfield Residential,Master Developer,Unimproved,Held,2009,46,1,0,46,3/1/2021,4
AMR | PA 16,Audie Murphy Ranch,Menifee | South,Brookfield Residential,Master Developer,Unimproved,Held,2009,51,1,0,51,1/1/2025,4
AMR | PA 4,Audie Murphy Ranch,Menifee | South,Brookfield Residential,Homebuilder,Unimproved,Held,2009,52,1,0,52,3/1/2021,4
AMR | PA 3,Audie Murphy Ranch,Menifee | South,Brookfield Residential,Homebuilder,Unimproved,Held,2009,53,1,0,53,3/1/2021,4
AMR | PA 2,Audie Murphy Ranch,Menifee | South,Brookfield Residential,Homebuilder,Unimproved,Held,2009,61,1,0,61,3/1/2021,4
AMR | PA 1A,Audie Murphy Ranch,Menifee | South,Brookfield Residential,Master Developer,Unimproved,Held,2009,63,1,0,63,3/1/2021,4
AMR | PA 13,Audie Murphy Ranch,Menifee | South,Brookfield Residential,Homebuilder,Unimproved,Held,2009,72,1,0,72,1/1/2025,4
AMR | PA 11B,Audie Murphy Ranch,Menifee | South,Brookfield Residential,Master Developer,Partially Improved,Held,2009,82,1,0,82,1/1/2025,4
AMR | PA 17,Audie Murphy Ranch,Menifee | South,Brookfield Residential,Master Developer,Unimproved,Held,2009,85,1,0,85,1/1/2025,4
AMR | PA 6,Audie Murphy Ranch,Menifee | South,Brookfield Residential,Master Developer,Unimproved,Held,2009,90,1,0,90,3/1/2020,4
AMR | PA 12,Audie Murphy Ranch,Menifee | South,Brookfield Residential,Master Developer,Partially Improved,Held,2009,93,1,0,93,1/1/2025,4
AMR | PA 5,Audie Murphy Ranch,Menifee | South,Brookfield Residential,Master Developer,Unimproved,Held,2009,95,1,0,95,3/1/2020,4
Savannah,Audie Murphy Ranch,Menifee | South,Brookfield Residential,Homebuilder,Active,Held,2009,129,1,7,122,7/1/2018,4
Tribute,Audie Murphy Ranch,Menifee | South,DR Horton,Homebuilder,Active,Held,2017,88,1,16,72,7/1/2018,4
Kingston,Audie Murphy Ranch,Menifee | South,Meritage Homes,Homebuilder,Finished,Held,2017,102,1,14,88,7/1/2018,4
The Ridge at Audie Murphy,Audie Murphy Ranch,Menifee | South,Richmond American,Homebuilder,Active,Active,2016,86,1,68,18,11/1/2016,4
Willow Tree at Audie Murphy,Audie Murphy Ranch,Menifee | South,William Lyon Homes,Homebuilder,Active,Held,2016,133,1,74,59,6/1/2017,4
Dakota at Audie Murphy Ranch,Audie Murphy Ranch,Menifee | South,Woodside Homes,Homebuilder,Active,Active,2015,112,1,68,44,11/1/2016,4
Avelina,Avelina,Perris,Pulte Homes,Homebuilder,Active,Active,Legacy,488,1,429,59,8/31/2018,4
Persimmon Place,Avenida,Ontario,DR Horton,Homebuilder,Active,Held,2017,80,3,3,77,7/1/2018,4
Cara Pointe,Avenida,Ontario,DR Horton,Homebuilder,Active,Held,2017,97,3,6,91,7/1/2018,4
Willowleaf,Avenida,Ontario,DR Horton,Homebuilder,Active,Held,2017,95,3,4,91,7/1/2018,4
Diversified Banning,Banning,Banning,Diversified Pacific,Developer,Partially Improved,Held,Legacy,98,1,0,98,1/1/2025,4
Barrington South,Barrington Place,Jurupa Valley,Frontier Communities,Homebuilder,Active,Active,2016,76,1,11,65,5/1/2018,4
Barrington North,Barrington Place,Jurupa Valley,Frontier Communities,Homebuilder,Active,Active,2016,101,1,10,91,5/1/2018,4
Beford Canyon | Phase 2 | AH,Bedford Canyon,Corona,"Arantine Holdings, LP",Master Developer,Partially Improved,Held,2013,400,5,0,400,1/1/2025,4
Beford Canyon | Phase 3 | AH,Bedford Canyon,Corona,"Arantine Holdings, LP",Master Developer,Unimproved,Held,2013,400,5,0,400,1/1/2025,4
Bedford PA 1A | 50' x 90,Bedford Canyon,Corona,The New Home Co,Homebuilder,Finished,Held,2013,41,1,0,41,10/1/2018,4
Bedford PA 1B | 50' x 100',Bedford Canyon,Corona,The New Home Co,Homebuilder,Finished,Held,2013,59,1,0,59,10/1/2018,4
Bedford PA 1C | 6-Pack Cluster,Bedford Canyon,Corona,The New Home Co,Homebuilder,Finished,Held,2013,96,1,0,96,10/1/2018,4
Beford Canyon | Phase 2 | TNHC,Bedford Canyon,Corona,The New Home Co,Master Developer,Partially Improved,Held,2013,150,5,0,150,1/1/2025,4
Beford Canyon | Phase 3 | TNHC,Bedford Canyon,Corona,The New Home Co,Master Developer,Unimproved,Held,2013,150,5,0,150,1/1/2025,4
Cypress Pointe,Bella Strada,Fontana | South,DR Horton,Homebuilder,Sold Out,Active,2014,148,1,148,0,8/31/2018,4
Alder Pointe,Bella Strada,Fontana | South,DR Horton,Homebuilder,Sold Out,Active,2014,228,1,228,0,8/31/2018,4
The Courts,Bristol,Chino Hills,Trumark Communities,Homebuilder,Sold Out,Active,2016,68,1,68,0,2/1/2017,4
The Manors,Bristol,Chino Hills,Trumark Communities,Homebuilder,Active,Active,2016,39,1,38,1,2/1/2017,4
The Towns,Bristol,Chino Hills,Trumark Communities,Homebuilder,Active,Active,2016,42,1,41,1,2/1/2017,4
Butterfield Masterplan,Butterfield,Banning,Pardee Homes,Homebuilder,Unimproved,Held,Legacy,4318,45,0,4318,1/1/2020,4
Singleton Heights,Calimesa,Calimesa,Mastercraft Homes,Homebuilder,Active,Active,2012,268,1,227,41,8/31/2018,4
Senterra,Canyon Hills,Lake Elsinore | East,Pardee Homes,Homebuilder,Sold Out,Active,Legacy,74,1,74,0,8/31/2018,4
Canyon Hills | PA 31,Canyon Hills,Lake Elsinore | East,Pardee Homes,Homebuilder,Unimproved,Held,Legacy,125,1,0,125,8/1/2019,4
Hillcrest,Carbon Canyon,Chino Hills,Woodbridge Pacific,Homebuilder,Active,Active,2014,76,1,44,32,9/1/2016,4
Symphony,Celebration Park,Fontana | South,Lennar Homes,Homebuilder,Active,Held,2016,118,1,82,36,8/31/2018,4
Newpark,Centennial,Menifee | North,Pardee Homes,Homebuilder,Active,Held,2016,93,1,13,80,6/1/2018,4
Canvas,Centennial,Menifee | North,Pardee Homes,Homebuilder,Active,Held,2016,89,1,8,81,6/1/2018,4
Kadence,Centennial,Menifee | North,Pardee Homes,Homebuilder,Active,Held,2016,85,1,4,81,6/1/2018,4
Easton,Centennial,Menifee | North,Pardee Homes,Homebuilder,Active,Held,2016,92,1,4,88,6/1/2018,4
Cherry Valley Estates,Cherry Valley,Cherry Valley,Skip Jackson,Developer,Finished,Deal Pending,2012,47,1,0,47,1/1/2025,4
Cambria and Sienna (Montecito),Chino,Chino,DR Horton,Homebuilder,Active,Active,2016,113,1,80,33,8/1/2017,4
Cypress Villas,Chino,Chino,Frontier Communities,Homebuilder,Active,Active,2014,59,1,53,6,9/1/2016,4
Oak Grove,Chino,Chino,Griffin Residential,Homebuilder,Sold Out,Active,2016,23,1,23,0,8/31/2018,4
Turn Leaf,Chino,Chino,KB Home,Homebuilder,Active,Held,2017,185,1,43,142,7/1/2018,4
McKenna Park,Chino,Chino,Richmond American,Homebuilder,Active,Active,2015,94,1,93,1,9/1/2016,4
Jade Tree (Vista Bella),Chino Hills,Chino Hills,KB Home,Homebuilder,Sold Out,Active,2016,65,1,65,0,4/1/2017,4
Founders,Chino Hills,Chino Hills,Trumark Communities,Homebuilder,Active,Active,2016,76,1,74,2,10/1/2017,4
Hill Crest,Citrus Heights,Riverside | West,Lennar Homes,Homebuilder,Sold Out,Active,2013,55,1,55,0,5/1/2016,4
Orchard Collection,Citrus Heights,Riverside | West,Lennar Homes,Homebuilder,Active,Active,2013,112,1,95,17,5/1/2016,4
Floral Ridge,Citrus Heights,Riverside | West,Lennar Homes,Homebuilder,Active,Active,2013,125,1,22,103,4/1/2018,4
Keystone at University Park,College Park,Chino,Lennar Homes,Homebuilder,Sold Out,Active,2015,79,1,79,0,2/1/2017,4
Ashforhd at University Park,College Park,Chino,Lennar Homes,Homebuilder,Active,Active,2015,68,1,65,3,2/1/2017,4
Greenbrier,Colton,San Bernardino,CPH,Homebuilder,Sold Out,Active,2015,35,1,35,0,2/1/2017,4
Wildrose Village,Colton,Colton,Frontier Communities,Homebuilder,Active,Held,2017,187,1,20,167,3/1/2018,4
Salt Creek,Conestoga,Winchester,Lennar Homes,Homebuilder,Active,Held,2017,111,1,9,102,8/1/2018,4
Mountain Sky,Conestoga,Winchester,Lennar Homes,Homebuilder,Active,Held,2017,113,2,9,104,8/1/2018,4
Forest Boundary 50,Corona,Corona,Griffin Residential,Homebuilder,Unimproved,Held,2017,50,1,0,50,4/1/2019,4
Corona East,Corona,Corona,Nova Homes,Developer,Partially Improved,Held,2013,52,1,0,52,1/1/2025,4
Seville & Valencia,Corona,Corona,Van Daele Homes,Homebuilder,Active,Coming Soon,2013,92,1,46,46,9/1/2017,4
Regent Pointe | Express,Countryside,Ontario,DR Horton,Homebuilder,Sold Out,Held,2016,118,1,118,0,3/1/2017,4
Bristol,Countryside,Ontario,DR Horton,Homebuilder,Sold Out,Held,2016,114,1,113,1,3/1/2017,4
Arroyo Vista,Creekside,Murrieta,Lennar Homes,Homebuilder,Sold Out,Active,2014,184,1,184,0,8/31/2018,4
Serrano at Glenrose Ranch,East Highlands Ranch,Highland,Richmond American,Homebuilder,Active,Active,2015,78,1,73,5,4/1/2016,4
Serrano at Glenrose Ranch,East Highlands Ranch,Highland,Richmond American,Homebuilder,Active,Active,2015,118,1,105,13,4/1/2016,4
Shutters,Eden Glen,Ontario,Brookfield Residential,Homebuilder,Active,Held,Legacy,55,1,54,1,7/1/2017,4
Heritage Heights (El Dorado),El Dorado,Menifee | South,Lennar Homes,Homebuilder,Active,Active,2016,122,1,80,42,3/1/2017,4
Esperanza - PA 10,Esperanza,Ontario,Christopher Homes,Homebuilder,Unimproved,Held,2017,100,1,0,100,9/1/2019,4
Esperanza,Esperanza,Ontario,Lennar Homes,Homebuilder,Partially Improved,Held,2017,464,4,0,464,10/1/2018,4
Viridian Pointe at Fairway (EXP),Fairway Canyon,Beaumont | West,DR Horton,Homebuilder,Sold Out,Active,2016,66,1,66,0,7/1/2017,4
Windsor at Fairway Canyon (DRH),Fairway Canyon,Beaumont | West,DR Horton,Homebuilder,Active,Active,2016,64,1,55,9,7/1/2017,4
Cherry Blossom at the Fairways,Fairway Canyon,Beaumont | West,KB Home,Homebuilder,Active,Active,2016,94,1,77,17,6/1/2017,4
Pinehurst at Fairway Canyon,Fairway Canyon,Beaumont | West,William Lyon Homes,Homebuilder,Sold Out,Held,2016,53,1,53,0,10/1/2017,4
Oak Ridge at Fairway Canyon,Fairway Canyon,Beaumont | West,Woodside Homes,Homebuilder,Active,Active,2015,148,1,92,56,4/1/2016,4
Citrus Grove (Mango 30),Fontana,Fontana | South,Griffin Residential,Homebuilder,Sold Out,Active,2016,30,1,30,0,8/1/2017,4
Stonehaven,Fontana,Fontana | South,Lennar Homes,Homebuilder,Active,Active,2015,96,1,70,26,4/1/2017,4
Etiwanda Ridge,Fontana,Fontana | North,Lennar Homes,Homebuilder,Active,Held,2017,102,1,23,79,10/1/2018,4
Monterra (Miller Avenue),Fontana,Fontana | South,Pulte Homes,Homebuilder,Active,Coming Soon,2017,95,1,62,33,3/1/2018,4
Four Seasons | Beaumont,Four Seasons,Beaumont | East,K Hovnanian Homes,Homebuilder,Active,Active,Legacy,1870,1,1746,124,6/1/2016,4
Alure,French Valley,French Valley,KB Home,Homebuilder,Active,Held,2017,51,1,33,18,10/1/2018,4
Camberly Place,French Valley,French Valley,KB Home,Homebuilder,Active,Held,2017,132,1,21,111,7/1/2018,4
Bella Sol,French Valley,French Valley,Meritage Homes,Homebuilder,Active,Active,2016,97,1,89,8,9/1/2017,4
Avena (Tierra del Rey),French Valley,French Valley,Pardee Homes,Homebuilder,Finished,Active,2016,84,1,22,62,5/1/2017,4
Pacific Crest at Grand Park,Grand Park,Ontario,Lennar Homes,Homebuilder,Active,Held,2016,92,2,84,8,2/1/2018,4
Sierra Peak at Grand Park,Grand Park,Ontario,Lennar Homes,Homebuilder,Active,Held,2016,104,2,81,23,2/1/2018,4
Eagle Rock at Grand Park,Grand Park,Ontario,Lennar Homes,Homebuilder,Active,Held,2016,134,2,78,56,2/1/2018,4
Green Valley 145,Green Valley,Perris,KB Home,Homebuilder,Partially Improved,Held,2017,145,1,0,145,12/1/2018,4
Harvest | West (Springtime),Harvest,Upland,KB Home,Homebuilder,Active,Active,2016,125,1,97,28,4/1/2017,4
Harvest Phase 2,Harvest,Upland,Lewis Communities,Master Developer,Partially Improved,Deal Pending,Legacy,193,2,0,193,1/1/2025,4
Harvest Villages III,Harvest Village,Jurupa Valley,Lennar Homes,Homebuilder,Active,Active,2015,93,1,90,3,6/1/2017,4
Heritage Lakes North,Heritage Lakes,Menifee | North,Brookfield Residential,Homebuilder,Unimproved,Held,Legacy,1700,1,0,1700,8/1/2019,4
Carmel,Heritage Lakes,Menifee | North,Lennar Homes,Homebuilder,Sold Out,Active,Legacy,110,1,110,0,8/31/2018,4
Newbridge,Heritage Lakes,Menifee | North,Lennar Homes,Homebuilder,Sold Out,Active,Legacy,116,1,116,0,8/31/2018,4
Parkview,Heritage Lakes,Menifee | North,Lennar Homes,Homebuilder,Active,Held,Legacy,69,1,53,16,6/1/2019,4
Newport,Heritage Lakes,Menifee | North,Lennar Homes,Homebuilder,Active,Held,Legacy,117,1,51,66,6/1/2017,4
Newbridge II,Heritage Lakes,Menifee | North,Lennar Homes,Homebuilder,Partially Improved,Held,Legacy,125,1,0,125,6/1/2019,4
The Legacy Collection,Heritage Ranch,Winchester,Beazer Homes,Homebuilder,Active,Held,Legacy,98,1,97,1,3/1/2017,4
Provence,Heritage Ranch,Winchester,Beazer Homes,Homebuilder,Active,Held,Legacy,122,1,3,119,5/1/2018,4
Cypress at Hidden Hills,Hidden Hills,Menifee | South,KB Home,Homebuilder,Active,Coming Soon,Legacy,114,1,81,33,12/1/2017,4
Peppertree at Hidden Hills,Hidden Hills,Menifee | South,KB Home,Homebuilder,Active,Coming Soon,Legacy,195,1,19,176,4/1/2018,4
Canyon Pointe,Highgrove,Riverside | East,DR Horton,Homebuilder,Active,Held,2016,29,1,27,2,3/1/2017,4
Sunset Ridge,Highgrove,Riverside | East,DR Horton,Homebuilder,Active,Held,2016,40,1,36,4,3/1/2017,4
Saddleback Estates,Horsethief Canyon,South Corona,Diversified Pacific,Homebuilder,Unimproved,Held,2013,236,3,0,236,7/1/2020,4
Mesa Pointe,JP Ranch,Calimesa,DR Horton,Homebuilder,Sold Out,Active,2015,140,1,140,0,1/1/2015,4
JP Ranch - Phase 3,JP Ranch,Calimesa,High Pointe,Developer,Finished,Coming Soon,2012,80,1,0,80,1/1/2025,4
Hudson Pointe (Skypark),Jurupa Valley,Jurupa Valley,DR Horton,Homebuilder,Sold Out,Active,2016,85,1,85,0,10/1/2017,4
Granite Ridge,Jurupa Valley,Jurupa Valley,Far West Industries,Homebuilder,Active,Active,Legacy,192,1,93,99,3/1/2016,4
Serrano Ranch,Jurupa Valley,Jurupa Valley,Pulte Homes,Homebuilder,Sold Out,Active,2015,206,1,206,0,3/1/2016,4
McKenna Pointe,Lakeshore,Lake Elsinore | West,DR Horton,Homebuilder,Active,Active,2017,81,1,65,16,10/21/2017,4
Augusta ,Legacy Park,Moreno Valley,William Lyon Homes,Homebuilder,Active,Held,2016,140,1,95,45,4/1/2017,4
Citrus Lane 95,Loma Linda,Loma Linda,KB Home,Homebuilder,Active,Held,2017,95,1,3,92,8/1/2019,4
Citrus Lane,Loma Linda,Loma Linda,Sea Country,Homebuilder,Active,Held,2017,35,1,14,21,8/1/2019,4
Acacia,Mahogany Hills,Murrieta,KB Home,Homebuilder,Active,Active,Legacy,196,1,187,9,8/31/2018,4
McSweeny Farms,McSweeny Farms,Hemet,Raintree Investements,Developer,Partially Improved,Available,2011,496,5,0,496,1/1/2025,4
Alasia,Menifee,Menifee | South,Meritage Homes,Homebuilder,Sold Out,Active,2014,86,1,86,0,8/31/2018,4
Menifee Town Center PA 2,Menifee Town Center,Menifee | South,Regent Properties,Master Developer,Partially Improved,Deal Pending,Legacy,155,1,0,155,1/1/2025,4
Menifee Town Center | Towns,Menifee Town Center,Menifee | South,Regent Properties,Master Developer,Partially Improved,Deal Pending,Legacy,218,1,0,218,1/1/2025,4
Menifee Town Center PA 1,Menifee Town Center,Menifee | South,William Lyon Homes,Homebuilder,Partially Improved,Held,2017,151,1,0,151,3/1/2019,4
Vista Bella,Mitchell Crossing,Murrieta,Melia Homes,Homebuilder,Active,Held,2016,207,1,50,157,1/1/2018,4
Mockingbird Trails,Mockingbird Canyon,Riverside | West,KB Home,Homebuilder,Active,Active,Legacy,57,1,3,54,12/31/2017,4
Pacific Eagle,Moreno Valley,Moreno Valley,Pacific Communities,Homebuilder,Active,Active,Legacy,199,1,197,2,8/31/2018,4
Pacific Willow,Moreno Valley,Moreno Valley,Pacific Communities,Homebuilder,Active,Active,Legacy,83,1,79,4,8/31/2018,4
Athens,Moreno Valley,Moreno Valley,William Lyon Homes,Homebuilder,Active,Active,2016,86,1,55,31,1/1/2018,4
Bella Cortina (Cactus),Moreno Valley Ranch,Moreno Valley,KB Home,Homebuilder,Active,Active,2016,159,1,55,104,3/1/2018,4
Horizon,Morningstar Ranch,French Valley,Lennar Homes,Homebuilder,Active,Active,2013,179,1,165,14,8/31/2018,4
Sunrise,Morningstar Ranch,French Valley,Lennar Homes,Homebuilder,Active,Active,2013,95,1,70,25,8/31/2018,4
Mountain Gate,Mountain Gate,Menifee | North,Woodside Homes,Homebuilder,Sold Out,Active,2014,116,1,116,0,8/31/2018,4
Meadowlark,Murrieta,Murrieta,Pulte Homes,Homebuilder,Active,Active,2013,113,1,112,1,8/31/2018,4
Murrieta Hills PA 2,Murrieta Hills,Murrieta,Pulte Homes,Homebuilder,Unimproved,Held,Legacy,96,1,0,96,3/1/2019,4
Murrieta Hills PA 3,Murrieta Hills,Murrieta,Pulte Homes,Homebuilder,Unimproved,Held,Legacy,96,1,0,96,3/1/2019,4
Murrieta Hills PA 4,Murrieta Hills,Murrieta,Pulte Homes,Homebuilder,Unimproved,Held,Legacy,96,1,0,96,3/1/2019,4
Murrieta Hills PA 5,Murrieta Hills,Murrieta,Pulte Homes,Homebuilder,Unimproved,Held,Legacy,96,1,0,96,3/1/2019,4
Murrieta Hills PA 6,Murrieta Hills,Murrieta,Pulte Homes,Homebuilder,Unimproved,Held,Legacy,96,1,0,96,3/1/2019,4
Murrieta Hills PA 1,Murrieta Hills,Murrieta,Pulte Homes,Homebuilder,Unimproved,Held,Legacy,97,1,0,97,3/1/2019,4
Starlight Meadows,N/A,Wildomar,Beazer Homes,Homebuilder,Unimproved,Held,Legacy,74,1,0,74,1/1/2020,4
Indigo Trails,N/A,Winchester,Capstone,Developer,Partially Improved,Held,2009,104,1,0,104,1/1/2025,4
Winchester Ridge,N/A,Winchester,Capstone,Developer,Partially Improved,Coming Soon,2009,377,1,0,377,1/1/2025,4
Crafton Hills,N/A,Yucaipa,"Crafton Hills, LLC",Investor / Owner,Finished,Coming Soon,Legacy,57,1,0,57,1/1/2025,4
Judson Ranch,N/A,Redlands,Diversified Pacific,Homebuilder,Active,Active,2013,81,1,81,0,8/31/2018,4
Mission Square,N/A,Riverside | East,Frontier Communities,Homebuilder,Sold Out,Active,2013,62,1,62,0,12/31/2017,4
Cantera,N/A,Jurupa Valley,Frontier Communities,Homebuilder,Sold Out,Active,2014,106,1,106,0,6/1/2016,4
Estancia Estates ,N/A,Moreno Valley,Frontier Communities,Homebuilder,Active,Active,2014,55,1,52,3,8/31/2018,4
Lago Los Serranos,N/A,Chino Hills,JTECC,Homebuilder,Active,Active,Legacy,95,1,29,66,3/1/2018,4
Alder Ranch,N/A,Perris,Karahalios,Investor / Owner,Finished,Held,2010,54,1,0,54,1/1/2025,4
La Ventana,N/A,Rancho Cucamonga,KB Home,Homebuilder,Sold Out,Active,2014,79,1,79,0,8/31/2018,4
Seneca,N/A,Murrieta,KB Home,Homebuilder,Active,Active,2014,54,1,52,2,8/31/2018,4
Winchester Meadows,N/A,Winchester,Khalda Development,Investor / Owner,Partially Improved,Coming Soon,2009,244,1,0,244,1/1/2025,4
Mosaic III,N/A,Menifee | South,McKinnley,Investor / Owner,Partially Improved,Deal Pending,2009,64,1,0,64,1/1/2025,4
Oak Springs Ranch,N/A,Wildomar,Nexus/Trammell,Developer,Partially Improved,Available,2009,103,1,0,103,1/1/2025,4
Gallery Oaks,N/A,Menifee | South,Pacific Communities,Homebuilder,Finished,Held,2010,23,1,0,23,7/1/2019,4
Mosaic,N/A,San Jacinto,Pacific Communities,Homebuilder,Finished,Held,2010,43,1,0,43,9/1/2019,4
Desert Candle,N/A,San Jacinto,Pacific Communities,Homebuilder,Finished,Held,2010,47,1,0,47,4/1/2020,4
Pacific Melforose,N/A,Romoland,Pacific Communities,Homebuilder,Active,Active,2012,97,1,50,47,8/31/2018,4
Pacific Melrose II,N/A,Romoland,Pacific Communities,Homebuilder,Unimproved,Held,2012,130,1,0,130,6/1/2018,4
Pacific Heritage,N/A,Perris,Pacific Communities,Homebuilder,Partially Improved,Coming Soon,Legacy,128,1,0,128,1/1/2019,4
Luz Del Sol III,N/A,San Jacinto,Private Investor,Investor / Owner,Partially Improved,Held,2010,44,1,0,44,1/1/2025,4
Pheasant Run,N/A,San Jacinto,Private Investor,Investor / Owner,Partially Improved,Held,2011,67,1,0,67,1/1/2025,4
Palisades Ranch,N/A,San Jacinto,Private Investor,Investor / Owner,Finished,Available,2011,83,1,0,83,1/1/2025,4
Prarie Crossing,N/A,Winchester,Rancon,Developer,Partially Improved,Coming Soon,2010,102,1,0,102,1/1/2025,4
Sandalwood,N/A,Winchester,Rancon,Developer,Partially Improved,Coming Soon,2010,123,1,0,123,1/1/2025,4
Comm Park 124,N/A,Winchester,Rancon,Developer,Partially Improved,Held,Legacy,102,1,0,102,1/1/2025,4
Providence,N/A,Perris,Rancon ,Developer,Partially Improved,Held,2009,114,1,0,114,1/1/2025,4
Luz Del Sol II,N/A,San Jacinto,Signature Homes,Homebuilder,Active,Active,2014,120,1,87,33,4/1/2017,4
Rancho Madrina,N/A,San Jacinto,Sunwood,Investor / Owner,Finished,Available,2010,52,1,0,52,1/1/2025,4
Terrassa Court,N/A,South Corona,TRI Pointe Homes,Homebuilder,Active,Active,2014,94,1,92,2,2/1/2016,4
Terrassa Villas,N/A,South Corona,TRI Pointe Homes,Homebuilder,Active,Active,2014,52,1,50,2,2/1/2016,4
Cimarron,N/A,Perris,Van Daele Homes,Master Developer,Partially Improved,Coming Soon,2010,756,7,0,756,1/1/2025,4
Stoneybrook,N/A,Winchester,Watermarke,Investor / Owner,Partially Improved,Deal Pending,2010,196,1,0,196,1/1/2025,4
Mosaic II,N/A,Menifee | South,Watt,Developer,Partially Improved,Deal Pending,2011,64,1,0,64,1/1/2025,4
Nexus,N/A,Eastvale,William Lyon Homes,Homebuilder,Sold Out,Active,2015,220,1,220,0,8/31/2018,4
Holiday,New Haven,Ontario,Brookfield Residential,Homebuilder,Sold Out,Held,2014,258,1,258,0,8/31/2018,4
Summerset,New Haven,Ontario,Brookfield Residential,Homebuilder,Active,Active,2014,112,1,109,3,9/1/2015,4
Arborel at New Haven,New Haven,Ontario,Brookfield Residential,Homebuilder,Active,Active,2014,91,6,88,3,12/1/2016,4
Poppy at New Haven,New Haven,Ontario,Brookfield Residential,Homebuilder,Active,Active,2014,104,1,100,4,11/1/2016,4
Marigold,New Haven,Ontario,Brookfield Residential,Homebuilder,Active,Active,2014,84,1,48,36,8/31/2018,4
Waverly,New Haven,Ontario,Brookfield Residential,Homebuilder,Active,Active,2014,199,1,146,53,8/31/2018,4
Summit Crest,North Fontana,Fontana | North,KB Home,Homebuilder,Sold Out,Active,2017,77,1,77,0,12/1/2017,4
Summit Place,North Fontana,Fontana | North,William Lyon Homes,Homebuilder,Active,Held,2017,94,1,3,91,8/1/2018,4
The Encore,North Ranch,Redlands,Diversified Pacific,Homebuilder,Active,Held,2016,69,2,43,26,5/1/2017,4
Signature,North Ranch,Redlands,Diversified Pacific,Homebuilder,Active,Held,2016,67,2,29,38,5/1/2017,4
Cottage Lane,Northlake,Lake Elsinore | West,Frontier Communities,Homebuilder,Sold Out,Held,2016,43,1,43,0,10/1/2017,4
Provence,Olivewood,Beaumont | West,William Lyon Homes,Homebuilder,Active,Held,2016,67,1,9,58,9/1/2018,4
Aviva,Olivewood,Beaumont | West,William Lyon Homes,Homebuilder,Active,Held,2016,160,1,16,144,9/1/2018,4
Lugano,Olivewood,Beaumont | West,William Lyon Homes,Homebuilder,Active,Held,2016,240,1,10,230,9/1/2018,4
Capella,Olivewood,Beaumont | West,William Lyon Homes,Homebuilder,Active,Held,2016,308,1,15,293,9/1/2018,4
Cottage on 4th,Ontario,Ontario,KB Home,Homebuilder,Active,Held,2017,55,1,16,39,8/1/2018,4
Centerhouse,Ontario,Ontario,Trumark Communities,Homebuilder,Active,Coming Soon,2015,114,1,51,63,4/1/2018,4
Solstice,Ontario Ranch,Ontario,Brookfield Residential,Homebuilder,Active,Active,Legacy,93,1,75,18,1/1/2018,4
Solstice PA2,Ontario Ranch,Ontario,Brookfield Residential,Homebuilder,Finished,Held,Legacy,88,1,0,88,2/1/2019,4
Ontario Ranch Plug,Ontario Ranch,Ontario,Brookfield Residential,Homebuilder,Unimproved,Held,Legacy,1350,1,0,1350,7/1/2019,4
Autumn Grove,Orangecrest,Riverside | West,Lennar Homes,Homebuilder,Active,Active,2016,85,1,40,45,11/1/2017,4
Orchid at Pacific Mayfield,Pacific Mayfield,Menifee | South,Pacific Communities,Homebuilder,Active,Active,Legacy,153,1,152,1,8/31/2018,4
Cottonwood at Pacific Mayfield,Pacific Mayfield,Menifee | South,Pacific Communities,Homebuilder,Active,Active,Legacy,190,1,173,17,8/31/2018,4
Primrose,Pacific Mayfield,Menifee | South,Pacific Communities,Homebuilder,Active,Held,Legacy,133,3,29,104,12/1/2017,4
Pacific Mayfield North,Pacific Mayfield,Menifee | South,Pacific Communities,Homebuilder,Unimproved,Held,Legacy,224,3,0,224,12/1/2017,4
Coventry,Park Place,Ontario,Christopher Homes,Homebuilder,Active,Held,2017,102,1,28,74,4/1/2018,4
Margate,Park Place,Ontario,KB Home,Homebuilder,Sold Out,Active,2013,53,1,53,0,8/31/2018,4
North Park,Park Place,Ontario,KB Home,Homebuilder,Active,Held,2017,190,1,2,188,8/1/2018,4
Camden II,Park Place,Ontario,Lennar Homes,Homebuilder,Active,Active,2017,88,1,56,32,8/31/2018,4
Park Place,Park Place,Ontario,Lewis Communities,Master Developer,Partially Improved,Held,Legacy,190,1,0,190,1/1/2025,4
Meadowood,Park Place,Ontario,Taylor Morrison,Homebuilder,Active,Held,2017,102,1,34,68,4/1/2018,4
Seville ,Park Place,Ontario,The New Home Co,Homebuilder,Active,Held,2017,75,1,21,54,4/1/2018,4
St. James,Park Place,Ontario,TRI Pointe Homes,Homebuilder,Active,Active,2013,207,1,154,53,8/31/2018,4
Stonewater,Park Place,Ontario,Woodside Homes,Homebuilder,Active,Held,2017,79,1,31,48,8/1/2018,4
Day Creek B,Rancho Cucamongo,Rancho Cucamonga,DR Horton,Homebuilder,Partially Improved,Held,2017,191,4,0,191,3/1/2019,4
Day Creek A,Rancho Cucamongo,Rancho Cucamonga,DR Horton,Homebuilder,Partially Improved,Held,2017,191,4,0,191,3/1/2019,4
Phoenix Crest,Rancho Etiwanda,Rancho Cucamonga,UCP,Homebuilder,Active,Active,2014,95,1,93,2,8/31/2018,4
The Groves,Redlands,Redlands,Lennar Homes,Homebuilder,Active,Held,2016,82,2,80,2,5/1/2017,4
Adams Grove,Rialto,Rialto,Crestwood,Homebuilder,Active,Held,2016,75,1,12,63,3/1/2017,4
Harmony,Riverbend,Jurupa Valley,Lennar Homes,Homebuilder,Sold Out,Active,2014,114,1,114,0,7/1/2016,4
Serenity,Riverbend,Jurupa Valley,Lennar Homes,Homebuilder,Active,Active,2014,135,1,130,5,7/1/2016,4
Tranquility,Riverbend,Jurupa Valley,Lennar Homes,Homebuilder,Active,Active,2014,139,1,127,12,7/1/2016,4
Tramonte,Riverside,Riverside | West,City Ventures,Homebuilder,Active,Coming Soon,2013,165,1,14,151,6/1/2018,4
Hillcreat,Riverside,Riverside | West,Frontier Communities,Homebuilder,Active,Coming Soon,2017,26,1,6,20,5/1/2018,4
Bella Vista,Riverside,Riverside | West,Griffin Residential,Homebuilder,Active,Active,2016,15,1,3,12,3/1/2016,4
Harris Farm,Riverside,Riverside | East,RC Hobbs,Homebuilder,Active,Active,2013,36,1,3,33,12/31/2017,4
Arroyo Park,Riverside,Riverside | East,RSI Communities,Homebuilder,Partially Improved,Coming Soon,2014,108,1,0,108,9/1/2019,4
SkyRidge,Riverside,Riverside | West,William Lyon Homes,Homebuilder,Active,Active,2013,90,1,84,6,12/31/2017,4
Rivera,Riverside,Riverside | East,William Lyon Homes,Homebuilder,Active,Coming Soon,2017,71,1,8,63,5/1/2018,4
Crimson at Sky Ridge,Rosena Ranch,San Bernardino,DR Horton,Homebuilder,Sold Out,Active,2016,67,2,67,0,4/1/2017,4
Crest Pointe at Sky Ridge,Rosena Ranch,San Bernardino,DR Horton,Homebuilder,Sold Out,Active,2016,85,2,85,0,4/1/2017,4
Rosena Place,Rosena Ranch,San Bernardino,Lennar Homes,Homebuilder,Active,Held,2017,90,1,36,54,7/1/2018,4
Sage,Rosena Ranch,San Bernardino,Lennar Homes,Homebuilder,Sold Out,Active,Legacy,150,1,150,0,8/31/2018,4
Rosewood,Rosena Ranch,San Bernardino,Lennar Homes,Homebuilder,Active,Active,Legacy,150,1,100,50,8/31/2018,4
Aster ,Rosena Ranch,San Bernardino,Lennar Homes,Homebuilder,Active,Active,Legacy,300,1,248,52,8/31/2018,4
Maravilla Estates,San Jacinto,San Jacinto,DCI Homes,Homebuilder,Active,Held,Legacy,218,1,41,177,8/1/2015,4
Harvest Pointe at Potter Ranch,San Jacinto,San Jacinto,DR Horton,Homebuilder,Sold Out,Held,2016,88,1,88,0,9/1/2017,4
Arterra,San Jacinto,San Jacinto,Lennar Homes,Homebuilder,Finished,Held,2017,78,1,0,78,4/1/2018,4
Parkside SJ,San Jacinto,San Jacinto,William Lyon Homes,Homebuilder,Active,Active,2017,47,1,47,0,1/1/2017,4
La Veranda,San Jacinto,San Jacinto,William Lyon Homes,Homebuilder,Active,Held,2017,46,1,19,27,6/1/2018,4
Almaden,San Jacinto,San Jacinto,William Lyon Homes,Homebuilder,Active,Held,2017,46,1,15,31,6/1/2018,4
Sequoia,Santa Rosa Highlands,Murrieta,DR Horton,Homebuilder,Active,Held,2017,51,3,2,49,4/1/2018,4
Camden Pointe,Santa Rosa Highlands,Murrieta,DR Horton,Homebuilder,Active,Held,2017,65,3,2,63,4/1/2018,4
Savannah Pointe,Santa Rosa Highlands,Murrieta,DR Horton,Homebuilder,Active,Held,2017,68,3,1,67,4/1/2018,4
The Oaks,Santa Rosa Highlands,Murrieta,DR Horton,Homebuilder,Active,Held,2017,77,3,1,76,4/1/2018,4
Laurel Oak,Shady Trails,Fontana | North,Lennar Homes,Homebuilder,Active,Held,2017,99,1,12,87,6/1/2018,4
Adagio,Sierra Bella,Corona,Lennar Homes,Homebuilder,Finished,Held,2016,118,1,0,118,11/1/2018,4
Sonata,Sierra Bella,Corona,Lennar Homes,Homebuilder,Finished,Held,2016,119,1,0,119,11/1/2018,4
Paloma,Sierra Ridge,Menifee | North,DR Horton,Homebuilder,Active,Held,2017,63,1,0,63,9/1/2018,4
Crescente Pointe,Sierra Ridge,Menifee | North,DR Horton,Homebuilder,Active,Held,2017,87,1,3,84,9/1/2018,4
Juniper at Spencer's Crossing,Spencer's Crossing,French Valley,Brookfield Residential,Homebuilder,Active,Active,2009,114,1,87,27,6/1/2016,4
Spencer's Crossing 2017 LO,Spencer's Crossing,French Valley,Brookfield Residential,Homebuilder,Finished,Held,2009,117,1,0,117,6/1/2018,4
Spencer's Crossing 2019,Spencer's Crossing,French Valley,Brookfield Residential,Homebuilder,Unimproved,Held,2009,153,1,0,153,6/1/2018,4
Spencer's Crossing 2018,Spencer's Crossing,French Valley,Brookfield Residential,Homebuilder,Partially Improved,Held,2009,293,1,0,293,6/1/2018,4
Santolina,Spencer's Crossing,French Valley,KB Home,Homebuilder,Active,Held,2017,108,1,11,97,7/1/2018,4
Tamarack,Spencer's Crossing,French Valley,Pardee Homes,Homebuilder,Active,Active,2017,82,1,59,23,12/10/2017,4
Braeburn,Spencer's Crossing,French Valley,Pardee Homes,Homebuilder,Active,Held,2017,82,1,7,75,6/1/2018,4
Sycamore,Spencer's Crossing,French Valley,Richmond American,Homebuilder,Active,Active,2015,55,1,51,4,6/1/2016,4
Sycamore North,Spencer's Crossing,French Valley,Richmond American,Homebuilder,Active,Active,2016,46,1,33,13,11/1/2017,4
Laurel at Spencer's Crossing,Spencer's Crossing,French Valley,Woodside Homes,Homebuilder,Active,Active,2015,92,1,86,6,6/1/2016,4
Spring Mountain Ranch - North C,Spring Mountain Ranch,Riverside | East,iStar Financial,Master Developer,Partially Improved,Held,Legacy,137,8,0,137,1/1/2025,4
Spring Mountain Ranch - South A,Spring Mountain Ranch,Riverside | East,iStar Financial,Master Developer,Partially Improved,Coming Soon,Legacy,258,4,0,258,1/1/2025,4
Spring Mountain Ranch - South B,Spring Mountain Ranch,Riverside | East,iStar Financial,Master Developer,Partially Improved,Held,Legacy,264,4,0,264,1/1/2025,4
Mission Gate at Spring Mountain Ranch,Spring Mountain Ranch,Riverside | East,KB Home,Homebuilder,Sold Out,Active,2013,217,1,217,0,12/31/2017,4
Monterey at Spring Mountain Ranch,Spring Mountain Ranch,Riverside | East,KB Home,Homebuilder,Active,Held,2016,156,1,96,60,6/1/2017,4
Capistrano at Spring Mountain Ranch,Spring Mountain Ranch,Riverside | East,KB Home,Homebuilder,Active,Held,2017,159,3,94,65,6/1/2017,4
Hyde Park (Rock Cliffe),Stoneridge,Moreno Valley,Beazer Homes,Homebuilder,Active,Coming Soon,Legacy,274,1,13,261,4/1/2018,4
Stoney Mountain Ranch,Stoney Mountain Ranch,Hemet,Jeffrey Homes,Homebuilder,Partially Improved,Held,Legacy,192,2,0,192,4/1/2020,4
Willows at Summerly,Summerly,Lake Elsinore | West,Beazer Homes,Homebuilder,Sold Out,Active,2016,63,1,63,0,4/1/2017,4
Linden Pointe at Summerly,Summerly,Lake Elsinore | West,DR Horton,Homebuilder,Active,Active,2017,95,1,77,18,8/12/2017,4
Monarch Grove,Summerly,Lake Elsinore | West,Lennar Homes,Homebuilder,Sold Out,Active,2014,123,1,123,0,8/31/2018,4
18,Summerly,Lake Elsinore | West,Pacific Ventures,Master Developer,Partially Improved,Held,2010,57,1,0,57,1/1/2025,4
19,Summerly,Lake Elsinore | West,Pacific Ventures,Master Developer,Partially Improved,Held,2010,58,1,0,58,1/1/2025,4
22,Summerly,Lake Elsinore | West,Pacific Ventures,Master Developer,Partially Improved,Held,2010,58,1,0,58,1/1/2025,4
24,Summerly,Lake Elsinore | West,Pacific Ventures,Master Developer,Partially Improved,Held,2010,60,1,0,60,1/1/2025,4
21,Summerly,Lake Elsinore | West,Pacific Ventures,Master Developer,Partially Improved,Held,2010,75,1,0,75,1/1/2025,4
23,Summerly,Lake Elsinore | West,Pacific Ventures,Master Developer,Partially Improved,Held,2010,77,1,0,77,1/1/2025,4
20,Summerly,Lake Elsinore | West,Pacific Ventures,Master Developer,Partially Improved,Held,2010,102,1,0,102,1/1/2025,4
Sendero at Summerly,Summerly,Lake Elsinore | West,Richmond American,Homebuilder,Finished,Held,2010,65,1,0,65,12/1/2018,4
Marisol at Summerly,Summerly,Lake Elsinore | West,Richmond American,Homebuilder,Active,Held,2017,51,1,22,29,1/1/2018,4
Alder at Summerly,Summerly,Lake Elsinore | West,William Lyon Homes,Homebuilder,Active,Held,2017,65,1,35,30,4/1/2018,4
Augusta at Summerly,Summerly,Lake Elsinore | West,Woodside Homes,Homebuilder,Sold Out,Active,2016,59,1,59,0,8/31/2018,4
"The Bungalows - 4,200s (A1 & A2)",Summerwind,Calimesa,DR Horton,Homebuilder,Finished,Available,2015,162,1,0,162,1/1/2019,4
"The Villas - 6,000s (A3)",Summerwind,Calimesa,Meritage Homes,Master Developer,Partially Improved,Available,2015,80,1,0,80,3/1/2019,4
"The Manors - 7,200s (A4)",Summerwind,Calimesa,SunCal Companies,Master Developer,Partially Improved,Available,2015,145,1,0,145,1/1/2025,4
Summit at Rosena,Summit at Rosena,Fontana | North,Lennar Homes,Homebuilder,Unimproved,Held,2017,856,9,0,856,6/1/2020,4
The Retreat at Holiday,Sun City,Menifee | North,DR Horton,Homebuilder,Active,Active,2016,108,1,81,27,6/1/2017,4
Cascade,Sundance,Beaumont | East,Pardee Homes,Homebuilder,Active,Active,Legacy,115,1,111,4,8/31/2018,4
Elera,Sundance,Beaumont | East,Pardee Homes,Homebuilder,Active,Active,Legacy,215,1,201,14,7/1/2016,4
Abrio,Sundance,Beaumont | East,Pardee Homes,Homebuilder,Finished,Held,Legacy,82,1,29,53,8/1/2018,4
Daybreak,Sundance,Beaumont | East,Pardee Homes,Homebuilder,Active,Active,Legacy,139,1,73,66,8/31/2018,4
Beacon,Sundance,Beaumont | East,Pardee Homes,Homebuilder,Active,Held,Legacy,114,1,32,82,4/1/2018,4
Daybreak (Covey Ranch),Sunnymead Ranch,Moreno Valley,KB Home,Homebuilder,Active,Active,2017,114,1,27,87,8/31/2018,4
Meadow Creek,Sunnymead Ranch,Moreno Valley,Lennar Homes,Homebuilder,Active,Active,2016,161,2,89,72,10/1/2017,4
Sunset Crossroads,Sunset Crossroads,Banning,Lennar Homes,Homebuilder,Unimproved,Held,Legacy,450,20,0,450,1/1/2021,4
Hideaway,Sycamore Creek,South Corona,Lennar Homes,Homebuilder,Active,Held,2017,88,1,4,84,8/1/2018,4
Oakwood,Sycamore Creek,South Corona,Lennar Homes,Homebuilder,Active,Held,2017,104,1,5,99,8/1/2018,4
Sycamore Hills | PA 3,Sycamore Hills,Upland,LStar Communities,Master Developer,Partially Improved,Coming Soon,2014,176,2,0,176,1/1/2025,4
Westridge at Sycamore Hills,Sycamore Hills,Upland,Taylor Morrison,Homebuilder,Active,Held,2017,145,2,19,126,4/1/2018,4
Indigo Place (Rancho Vista),Temecula,Temecula,DR Horton,Homebuilder,Active,Held,2017,54,1,20,34,12/31/2017,4
Toscano at Terracina,Temecula,Temecula,Lennar Homes,Homebuilder,Active,Active,2012,102,1,97,5,8/31/2018,4
Marabella at Terracina,Temecula,Temecula,Lennar Homes,Homebuilder,Active,Active,2012,200,1,133,67,8/31/2018,4
Nicolas Heights (Arbor Vista),Temecula,Temecula,Lennar Homes,Homebuilder,Active,Active,2017,83,1,29,54,11/1/2017,4
The Row,Terra Vista,Rancho Cucamonga,Van Daele Homes,Homebuilder,Finished,Held,2017,95,4,0,95,10/1/2018,4
Bungalows,Terra Vista,Rancho Cucamonga,Van Daele Homes,Homebuilder,Finished,Held,2017,95,4,0,95,12/1/2019,4
Terramor - Plug B,Terramor,South Corona,Foremost Communities,Master Developer,Partially Improved,Coming Soon,Legacy,362,1,0,362,1/1/2025,4
Terramor - Plug A,Terramor,South Corona,Foremost Communities,Master Developer,Partially Improved,Coming Soon,Legacy,400,1,0,400,1/1/2025,4
Carraway at Terramor (MRPA 1),Terramor,South Corona,KB Home,Homebuilder,Active,Active,2017,83,1,37,46,12/31/2017,4
Sorrel at Terramor (MRPA 2),Terramor,South Corona,KB Home,Homebuilder,Active,Active,2017,87,1,26,61,12/31/2017,4
Sterling at Terramor (AQPA 3),Terramor,South Corona,Lennar Homes,Homebuilder,Active,Active,2017,105,1,23,82,12/31/2017,4
Cortina at Terramor (AQPA 5),Terramor,South Corona,Pulte Homes,Homebuilder,Active,Active,2017,105,1,63,42,12/31/2017,4
Ardena at Terramor (AQPA 4) ,Terramor,South Corona,Pulte Homes,Homebuilder,Active,Active,2017,135,1,62,73,12/31/2017,4
Oakton,Terramor,South Corona,Van Daele Homes,Homebuilder,Active,Active,Legacy,83,1,0,83,10/1/2018,4
Stonecrest II,The Cove,San Jacinto,KB Home,Homebuilder,Active,Held,Legacy,139,1,135,4,12/1/2017,4
Eagle's Nest,The Cove,San Jacinto,KB Home,Homebuilder,Partially Improved,Held,Legacy,133,1,0,133,7/1/2019,4
Collection at the Hideaway,The Hideaway,Hemet,William Lyon Homes,Homebuilder,Active,Held,2017,96,1,8,88,7/1/2018,4
Court at the Hideaway,The Hideaway,Hemet,William Lyon Homes,Homebuilder,Active,Held,2017,97,1,7,90,7/1/2018,4
Camelia,The Lakes at Menifee,Menifee | South,Lennar Homes,Homebuilder,Sold Out,Active,2013,143,1,143,0,8/31/2018,4
Mariposa,The Lakes at Menifee,Menifee | South,Lennar Homes,Homebuilder,Active,Active,2013,110,1,82,28,8/31/2018,4
Reflections,The Lakes at Menifee,Menifee | South,Pulte Homes,Homebuilder,Active,Held,Legacy,53,1,27,26,9/1/2017,4
Citrus Pointe,The Orchard,Upland,William Lyon Homes,Homebuilder,Sold Out,Active,2014,132,1,132,0,8/31/2018,4
Ameilia at the Preserve (Stark),The Preserve,Chino,Lennar Homes,Homebuilder,Active,Active,2016,110,1,66,44,8/31/2018,4
Olive Grove at the Preserve,The Preserve,Chino,Lennar Homes,Homebuilder,Active,Active,2017,57,1,53,4,12/31/2017,4
Autumn Field at the Preserve,The Preserve,Chino,Lennar Homes,Homebuilder,Active,Active,2017,82,1,67,15,12/31/2017,4
Harvest at The Preserve,The Preserve,Chino,Lewis Communities,Master Developer,Partially Improved,Coming Soon,Legacy,357,2,0,357,1/1/2025,4
Heirloom at the Preserve,The Preserve,Chino,Richmond American,Homebuilder,Active,Held,2017,104,1,71,33,8/31/2018,4
Laurel Lane at The Preserve,The Preserve,Chino,William Lyon Homes,Homebuilder,Active,Held,2014,70,1,66,4,3/1/2016,4
Palisades at The Preserve,The Preserve,Chino,Woodside Homes,Homebuilder,Sold Out,Active,2014,79,1,79,0,8/31/2018,4
Sunrise at the Preserve,The Preserve,Chino,Woodside Homes,Homebuilder,Active,Active,2017,57,1,30,27,12/31/2017,4
Calistoga,The Promontory,Murrieta,Cornerstone Communities,Homebuilder,Active,Active,2014,64,1,34,30,8/31/2018,4
Bellevue,The Promontory,Murrieta,Cornerstone Communities,Homebuilder,Active,Active,2014,94,1,14,80,8/31/2018,4
Brighton,The Promontory,Murrieta,Cornerstone Communities,Homebuilder,Active,Active,2014,110,1,0,110,8/31/2018,4
Horizon Pointe at the Quarry,The Quarry,Jurupa Valley,DR Horton,Homebuilder,Sold Out,Active,2015,43,1,43,0,7/1/2016,4
Chaparral at The Ranch,The Ranch,Wildomar,Richmond American,Homebuilder,Sold Out,Active,2015,59,1,59,0,6/1/2016,4
Creekside at The Ranch,The Ranch,Wildomar,Richmond American,Homebuilder,Active,Active,2015,94,1,90,4,6/1/2016,4
Tournament Hills | PAs 15 & 16,Tournament Hills,Beaumont | West,Pardee Homes,Homebuilder,Unimproved,Held,Legacy,268,1,0,268,6/1/2020,4
Tres Cerritos West,Tres Cerritos,Hemet,"JMP, Inc.",Developer,Partially Improved,Held,2013,177,1,0,177,1/1/2025,4
The Cameos,Turnleaf,Jurupa Valley,William Lyon Homes,Homebuilder,Active,Active,2013,216,1,89,127,8/31/2018,4
La Strada,Tuscany Hills,Lake Elsinore | East,Richland Communities,Developer,Partially Improved,Held,2011,128,5,0,128,1/1/2025,4
Upland Hills Golf 68,Upland,Upland,Diversified Pacific,Homebuilder,Partially Improved,Held,2017,68,1,0,68,3/1/2019,4
Spanish Trails,Upland,Chino,Frontier Communities,Homebuilder,Active,Active,2016,39,1,34,5,8/31/2018,4
Upland Central,Upland,Upland,MBK Homes,Homebuilder,Active,Active,2014,78,1,77,1,8/31/2018,4
Veranda,Verdamont,San Bernardino,Beazer Homes,Homebuilder,Partially Improved,Held,Legacy,86,1,0,86,2/1/2019,4
Serena at Vila Borba,Vila Borba,Chino Hills,Lennar Homes,Homebuilder,Active,Active,2012,159,1,145,14,4/1/2017,4
Montarra at Vila Borba,Vila Borba,Chino Hills,Lennar Homes,Homebuilder,Active,Active,2012,191,1,175,16,4/1/2017,4
Vila Borba East,Vila Borba,Chino Hills,Lennar Homes,Homebuilder,Partially Improved,Held,2012,120,1,0,120,3/1/2019,4
Westpark,Washington,Murrieta,KB Home,Homebuilder,Active,Held,2017,64,1,3,61,8/1/2018,4
Overlook,Westridge,Lake Elsinore | East,Pardee Homes,Homebuilder,Sold Out,Active,Legacy,112,1,112,0,6/1/2016,4
Aura at Westridge,Westridge,Lake Elsinore | East,Pardee Homes,Homebuilder,Active,Active,Legacy,100,1,95,5,6/1/2016,4
Vantage 83,Westridge,Lake Elsinore | East,Pardee Homes,Homebuilder,Active,Active,Legacy,101,1,93,8,6/1/2016,4
Starling at Westridge,Westridge,Lake Elsinore | East,Pardee Homes,Homebuilder,Finished,Active,Legacy,107,1,41,66,6/1/2016,4
Orchard Collection,Wildomar,Wildomar,Diversified Pacific,Homebuilder,Sold Out,Active,2013,51,1,51,0,8/31/2018,4
Autumn Winds,Winchester Ranch,Winchester,KB Home,Homebuilder,Finished,Coming Soon,2017,141,1,0,141,3/1/2019,4
Gallery Riverside,Woodcrest,Riverside | West,Capital Pacific Real Estate Group,Homebuilder,Partially Improved,Held,2017,23,1,0,23,9/1/2019,4
The Estates,Woodcrest,Riverside | West,Diversified Pacific,Homebuilder,Active,Active,2014,39,1,30,9,12/31/2017,4
