Neighborhood,Market,Purchase Price,Finished Lot Value,Lot Count,Community Count,Seller,Buyer,Site Condition,Entitlement Status,Close Date,Year
Forest Boundary 50,Corona,4475000,210000,50,1,Rancho Way LLC,Griffin Residential,Unimproved,Improvement Plans,12/22/2017,2017
Creekside,Winchester,5000000,115000,141,1,Lansing Companies,KB Home,Finished,Final Map,12/22/2017,2017
Audie Murphy Ranchs PA 10 &14,Menifee | South,10200000,162500,88,1,Brookfield Residential,DR Horton,Finished,Improvement Plans,12/13/2017,2017
The Hideaway,Hemet,7350000,95000,193,2,Strata Equity Group,RSI Communities,Finished,Final Map,12/7/2017,2017
Summit Crest II,Fontana | North,9400000,200000,94,1,Stratham Group,RSI Communities,Unimproved,Final Map,12/1/2017,2017
Turtle Ranch,French Valley,2150000,175000,51,1,Javin Investments,KB Home,Unimproved,Improvement Plans,12/1/2017,2017
Spencers Crossing PAs 26 & 31,French Valley,12750000,165000,108,1,Brookfield Residential,KB Home,Finished,Final Map,12/1/2017,2017
Summit at Rosena,Fontana | North,43000000,180000,856,9,JW Mitchell Land Co,CalAtlantic,Unimproved,Tentative Tract Map,11/22/2017,2017
Spencers Crossing PA 24,French Valley,9307000,153500,82,1,Brookfield Residential,Pardee Homes,Finished,Final Map,11/15/2017,2017
Menifee Town Center PA 1,Menifee | South,9748500,127480,151,1,Regent Properties,RSI Communities,Partially Improved,Improvement Plans,11/15/2017,2017
Park Place NMC - PA 26 Phase I,Ontario,11667500,183000,52,1,Stratham & Lewis,Christopher Homes,Blue Topped,Improvement Plans,11/15/2017,2017
Audie Murphy Ranch PA 15,Menifee | South,10656500,154000,102,1,Brookfield Residential,Meritage Homes,Finished,Improvement Plans,11/7/2017,2017
Almaden,San Jacinto,2225000,95000,46,1,Global Investments,RSI Communities,Finished,Final Map,10/13/2017,2017
La Veranda,San Jacinto,2275000,92000,46,1,Citivest Inc,RSI Communities,Finished,Final Map,10/13/2017,2017
Heirloom at the Preserve Phase II,Chino,5093000,148000,42,1,Lewis Communities,Richmond American,Finished,Improvement Plans,10/11/2017,2017
Green Valley 145,Perris,4640000,132000,145,2,Raintree Partners,KB Home,Unimproved,Improvement Plans,10/10/2017,2017
Inland Valley,Ontario,3250000,210000,55,1,MNG Real Estate Holding,KB Home,Unimproved,Final Map,10/6/2017,2017
Pierotti 29,Rancho Cucamonga,45253000,190000,382,4,Peter Pierotti,DR Horton,Unimproved,Improvement Plans,10/6/2017,2017
Park Place NMC - PA 24,Ontario,9402500,186000,75,1,Stratham & Lewis,The New Home Company,Blue Topped,Improvement Plans,10/4/2017,2017
Arboretum Phase I,Fontana | North,62634000,198000,585,9,Lewis Communities,Lennar Homes,Blue Topped,Final Map,10/3/2017,2017
Avenue 229,Ontario,20878000,185000,229,3,Distinguished Homes,DR Horton,Unimproved,Final Map,10/3/2017,2017
Lennar Winchester PA33 and PA34,Winchester,2472000,126000,206,2,Strata Equity Group,Lennar Homes,Blue Topped,Final Map,9/22/2017,2017
Sycamore Hills PA 1&2,Upland,27429215,247000,145,2,LStar Management,Taylor Morrison,Partially Improved,Improvement Plans,9/20/2017,2017
Goodman 102,Fontana | North,7500000,210000,102,1,Goodman Trust,Lennar Homes,Unimproved,Improvement Plans,9/16/2017,2017
Shady Trails,Fontana | North,11895000,205000,99,1,Lewis Communities,Lennar Homes,Blue Topped,Final Map,9/8/2017,2017
Esperanza,Ontario,22765500,180000,464,4,GDC Communities,Lennar Homes,Unimproved,Final Map,9/5/2017,2017
Washington 64,Murrieta,5500000,150000,64,1,Private Owner,KB Home,Blue Topped,Final Map,9/1/2017,2017
Wildrose Village,Colton,6425000,153000,110,1,Sunwest Enterprises,Frontier Communities,Unimproved,Tentative Tract Map,8/29/2017,2017
Citrus Lane 95,Loma Linda,10500000,240000,95,1,Stratus Development,KB Home,Unimproved,Tentative Tract Map,8/24/2017,2017
Alamo Grove,Riverside | East,8520000,162000,71,1,Emad Bolous,RSI Communities,Finished,Final Map,8/24/2017,2017
Park Place NMC - PA 25,Ontario,9575000,166000,102,1,Stratham & Lewis,Taylor Morrison,Blue Topped,Improvement Plans,8/10/2017,2017
Santa Rosa Highlands,Murrieta,12000000,160000,261,3,Ridge Crest Real Estate,DR Horton,Unimproved,Improvement Plans,7/28/2017,2017
Spring Mountain Ranch | Phase 2,Riverside | East,36900000,183000,300,3,iStar Financial,KB Home,Blue Topped,Final Map,7/17/2017,2017
Alderwood | PA 4A,Murrieta,7384283,154000,64,1,SunCal Companies,DR Horton,Finished,Improvement Plans,7/7/2017,2017
Sycamore Creek | PA 17,South Corona,16791000,202000,193,2,Foremost Communities,Lennar Homes,Unimproved,Improvement Plans,6/29/2017,2017
Upland Hills Golf 68,Upland,7450000,210000,68,1,Upland Hills Golf Club,Diversified Pacific,Unimproved,Tentative Tract Map,6/29/2017,2017
Meridian Pointe II,Riverside | East,2503000,161000,69,1,Foremost Communities,DR Horton,Unimproved,Final Map,6/28/2017,2017
North Park,Ontario,14086000,196000,190,2,Richland Communities,KB Home,Unimproved,Improvement Plans,6/27/2017,2017
The Trails at Summerly,Lake Elsinore | West,3315000,131000,51,1,Pacific Ventures,Richmond American,Blue Topped,Final Map,6/21/2017,2017
Rosena Ranch - PA 27,San Bernardino,6300000,133000,90,1,Lytle Development,Lennar Homes,Partially Improved,Tentative Tract Map,6/21/2017,2017
Park Place NMC- PA 16 & 17,Ontario,10305500,172000,97,1,Stratham & Lewis,Woodside Homes,Blue Topped,Final Map,6/16/2017,2017
Potter Ranch II,San Jacinto,1677500,82000,44,1,Capstone Advisors,DR Horton,Finished,Final Map,6/15/2017,2017
Mountain Gate PAF and PA2,Menifee | North,5807500,120000,150,1,Strata Equity Group,DR Horton,Partially Improved,Improvement Plans,6/6/2017,2017
Brueschert,Chino,16071000,192000,185,1,Richland Communities,KB Home,Unimproved,Improvement Plans,6/2/2017,2017
Miller Avenue,Fontana | South,10500000,202000,95,1,Grand Pacific Communities,Pulte Homes,Unimproved,Final Map,6/2/2017,2017
Countryside Phase II,Ontario,9196000,195000,70,2,Foremost Communities,DR Horton,Finished,Final Map,5/17/2017,2017
Washington Road,French Valley,9920000,175000,132,1,CV Communities,KB Home,Unimproved,Final Map,5/15/2017,2017
Alder at Summerly,Lake Elsinore | West,4300000,125000,65,1,Pacific Ventures,RSI Communities,Blue Topped,Final Map,5/12/2017,2017
Park Place NMC- PA 4,Ontario,2790000,190000,88,1,Stratham & Lewis,CalAtlantic,Finished,Improvement Plans,5/4/2017,2017
Arterra,San Jacinto,1850000,76994,78,1,Ayres Advisors,Lennar Homes,Finished,Final Map,4/27/2017,2017
Makenna Court,Lake Elsinore | West,5700000,126000,81,1,Pacific Cove Investments,DR Horton,Blue Topped,Improvement Plans,4/14/2017,2017
Terramor | MR PA 1,South Corona,21420000,186000,170,1,Foremost Communities,KB Home,Blue Topped,Final Map,4/14/2017,2017
Terramor | AQPA 3,South Corona,14070000,194000,105,1,Foremost Communities,CalAtlantic,Blue Topped,Final Map,3/21/2017,2017
Covey Ranch,Moreno Valley,2700000,150000,114,1,CV Communities,KB Home,Unimproved,Improvement Plans,3/17/2017,2017
Rancho Vista Village,Temecula,2616000,161000,54,1,Inland Communities Corp.,DR Horton,Unimproved,Final Map,2/28/2017,2017
Linden Place at Summerly,Lake Elsinore | West,4932250,115000,95,1,Pacific Ventures,DR Horton,Blue Topped,Final Map,2/16/2017,2017
Sunrise at the Preserve,Chino,11135000,220000,57,1,Lewis Communities,Woodside Homes,Blue Topped,Improvement Plans,2/15/2017,2017
Arbor Vista,Temecula,9078000,210000,83,1,Regent Properties,Lennar Homes,Blue Topped,Improvement Plans,1/31/2017,2017
Terramor | AQPA 5,South Corona,13125000,185000,105,1,Foremost Communities,Pulte Homes,Blue Topped,Final Map,1/20/2017,2017
Terramor | AQPA 4,South Corona,15795000,177000,135,1,Foremost Communities,Pulte Homes,Blue Topped,Final Map,1/20/2017,2017
Summit Crest,Fontana | North,6600000,185000,77,1,Stratham Group,KB Home,Unimproved,Improvement Plans,1/12/2017,2017
Olive Grove at the Preserve,Chino,8238500,189000,57,1,Lewis Communities,Lennar Homes,Blue Topped,Improvement Plans,1/5/2017,2017
Autumn Field at the Preserve,Chino,9693500,185000,82,1,Lewis Communities,Lennar Homes,Blue Topped,Improvement Plans,1/5/2017,2017
Gallery Riverside,Riverside | West,800000,265000,23,1,Private Investor,Capital Pacific Real Estate Group,Partially Improved,Final Map,1/5/2017,2017
Parkside SJ,San Jacinto,1500000,78000,47,1,Ayres Advisors,RSI Communities,Finished,Final Map,1/4/2017,2017
Savannah,Moreno Valley,4045000,125000,86,1,Richland Communities,RSI Communities,Partially Improved,Final Map,12/29/2016,2016
Mission Grove,Riverside | West,7450000,175000,85,1,Ridge Crest Real Estate,Lennar Homes,Unimproved,Improvement Plans,12/29/2016,2016
Menifee Heights,Menifee | North,10000000,135000,359,3,CV Communities,Pardee Homes,Unimproved,Improvement Plans,12/16/2016,2016
Heartland,Beaumont | West,4500000,115000,980,10,Lehman Holdings,RSI Communities,Partially Improved,Improvement Plans,12/15/2016,2016
Stark 110,Chino,13200000,185000,110,1,Lewis Communities,CalAtlantic,Blue Topped,Improvement Plans,12/15/2016,2016
Harvest at the Preserve PA 3,Chino,12584000,148000,104,1,Lewis Communities,Richmond American,Finished,Improvement Plans,12/9/2016,2016
Cottage Lane,Lake Elsinore | West,1660465,85000,42,1,Ambient Communities,Frontier Communities,Finished,Final Map,12/7/2016,2016
El Dorado II,Menifee | North,10080000,133000,122,1,Avanti Investments,Lennar Homes,Partially Improved,Improvement Plans,12/7/2016,2016
Cactus Avenue CV,Moreno Valley,4500000,127000,159,1,CV Communities,KB Home,Unimproved,Improvement Plans,12/2/2016,2016
Park Place NMC - PA 5,Ontario,8630000,188500,68,1,Stratham & Lewis,TRI Pointe Homes,Blue Topped,Improvement Plans,12/2/2016,2016
Harvest | West,Upland,19902000,240000,125,1,Lewis Communities,KB Home,Blue Topped,Final Map,12/2/2016,2016
Fairway Canyon PA 19,Beaumont | West,7985000,133000,130,2,SunCal Companies,DR Horton,Blue Topped,Final Map,12/1/2016,2016
Spencers Crossing PA25,French Valley,8000000,143000,76,1,Brookfield Residential,Pardee Homes,Finished,Final Map,12/1/2016,2016
Spencers Crossing PA23,French Valley,3800000,127000,46,1,Brookfield Residential,Richmond American,Finished,Final Map,12/1/2016,2016
Rancho Bella Vista,Rancho Cucamonga,3916000,450000,11,1,Pacific Communities,Griffin Residential,Blue Topped,Final Map,11/10/2016,2016
Countryside Phase I,Ontario,10150000,195000,70,2,Foremost Communities,DR Horton,Finished,Final Map,11/1/2016,2016
Potter Ranch I,San Jacinto,1677500,82000,44,1,Capstone Advisors,DR Horton,Finished,Final Map,10/19/2016,2016
Fairway Canyon | PA 21A,Beaumont | West,3727500,118000,55,1,SunCal Companies,RSI Communities,Partially Improved,Tentative Tract Map,10/14/2016,2016
Carefree Sun City,Menifee | North,7900000,110000,108,1,Global Investments,DR Horton,Finished,Final Map,10/13/2016,2016
Audie Murphy Ranch PA 8 & 20,Menifee | South,8848500,122500,101,1,Brookfield Residential,RSI Communities,Finished,Improvement Plans,10/12/2016,2016
Alderwood | PA 3 & PA 5,Murrieta,20551294,152000,207,1,SunCal Companies,RSI Communities,Finished,Improvement Plans,10/4/2016,2016
Meadow Creek,Moreno Valley,10787000,134000,161,1,Mission Pacific Land Company,Lennar Homes,Finished,Final Map,9/28/2016,2016
Tierra Del Rey,French Valley,3000000,146000,84,1,CV Communities,Pardee Homes,Blue Topped,Improvement Plans,9/22/2016,2016
Skypointe at Alberhill,Lake Elsinore | West,5412000,129000,82,1,Castle & Cooke,KB Home,Blue Topped,Final Map,9/18/2016,2016
Fairway Canyon PA 16B,Beaumont | West,3500000,116500,60,1,SunCal Companies,Woodside Homes,Blue Topped,Final Map,9/16/2016,2016
Meridian Pointe,Riverside | East,5940000,161000,63,1,Foremost Communities,DR Horton,Unimproved,Improvement Plans,9/14/2016,2016
Morningstar Ranch | PAs 4 & 5,French Valley,16500000,140000,189,2,Brookfield Land,CalAtlantic,Finished,Final Map,9/2/2016,2016
Summerly | N11,Lake Elsinore | West,3000000,120000,59,1,DMB Pacific Ventures,CalAtlantic,Blue Topped,Final Map,9/2/2016,2016
The Oaks,Chino,1850000,195000,23,1,Brett Crowder,Griffin Residential,Unimproved,Improvement Plans,8/29/2016,2016
The Grand Park | PAs 4-6,Ontario,26000000,155000,354,4,Distinguished Homes,Lennar Homes,Unimproved,Final Map,7/28/2016,2016
Spanish Trails,Upland,4000000,202000,39,1,Sheila Johnson,Frontier Communities,Unimproved,Specific Plan,7/28/2016,2016
Founders,Chino Hills,11500000,250000,76,1,City of Chino Hills,Trumark Companies,Unimproved,Conceptual,7/19/2016,2016
Fairway Canyon PA 14,Beaumont | West,3400000,115000,94,1,SunCal Companies,KB Home,Partially Improved,Final Map,7/18/2016,2016
Summerly | N10,Lake Elsinore | West,3300000,116000,63,1,DMB Pacific Ventures,Beazer Homes,Blue Topped,Final Map,7/15/2016,2016
Legacy Park | Phase 1,Moreno Valley,4798000,122000,140,1,Mission Pacific Land Company,RSI Communities,Partially Improved,Final Map,7/6/2016,2016
Canyon Cove PA2,Menifee | South,7800000,127000,86,1,Brookfield Residential,Richmond American,Finished,Improvement Plans,6/28/2016,2016
Sierra Bella,Corona,34500000,320000,237,3,Foremost Communities,CalAtlantic,Unimproved,Final Map,6/9/2016,2016
Vista Bella,Chino Hills,9000000,255000,65,1,EJ Investment Corp,KB Home,Unimproved,Final Map,6/3/2016,2016
Mango 30,Fontana | South,1700000,153000,30,1,SA Golden Investments,Griffin Residential,Unimproved,Improvement Plans,5/25/2016,2016
Bluffs at Rosena,San Bernardino,15742000,168000,152,2,Lytle Development,DR Horton,Partially Improved,Tentative Tract Map,4/12/2016,2016
Montecito,Chino,15900000,230000,113,1,MBK Homes,DR Horton,Unimproved,Improvement Plans,4/7/2016,2016
Skypark,Jurupa Valley,3000000,135000,85,1,Private Investor,DR Horton,Unimproved,Improvement Plans,3/10/2016,2016
Winchester Trails,Winchester,7500000,107000,161,1,US Bank,DR Horton,Finished,Final Map,3/9/2016,2016
Bella Sol,French Valley,5350000,105651,97,1,Global Investments,Meritage Homes,Blue Topped,Improvement Plans,2/17/2016,2016
Inland 206,Fontana | South,17680000,155000,206,2,Fontana Apartments LLC,Lennar Homes,Unimproved,Tentative Tract Map,1/22/2016,2016
Summerly | N9,Lake Elsinore | West,3233613,118000,59,1,McMillin Communities,Woodside Homes,Blue Topped,Final Map,1/8/2016,2016
The Grove at Redlands,Redlands,7835000,200555,82,1,Newland Homes,Lennar Homes,Unimproved,Tentative Tract Map,1/6/2016,2016
Kenyon Way,Rancho Cucamonga,6200000,300000,31,1,William Lyon Homes,DR Horton,Unimproved,Final Map,11/9/2015,2015
Armstrong Ranch,Jurupa Valley,4300000,150000,86,1,Armada Real Estate Group,DR Horton,Unimproved,Improvement Plans,10/15/2015,2015
Azalea,Rancho Cucamonga,9000000,300000,45,1,Manning Homes,DR Horton,Unimproved,Tentative Tract Map,10/1/2015,2015
JP Ranch | PA 2,Calimesa,9594000,122000,117,1,Highpointe Communities,DR Horton,Finished,Final Map,9/16/2015,2015
Montecito,Chino,8500000,195000,113,1,Pacific Chino Plaza,MBK Homes,Unimproved,Tentative Tract Map,9/16/2015,2015
Verhoeven 60,Chino,8550000,227500,60,1,Verhoeven,Lennar Homes,Unimproved,Improvement Plans,9/10/2015,2015
Fern Meadows,Chino,15980000,248000,94,1,Stratham Group,Richmond American,Unimproved,Improvement Plans,9/1/2015,2015
Rancho Fortunado,Wildomar,10500000,161000,153,1,CV Communities,Richmond American,Unimproved,Final Map,7/10/2015,2015
Glendale Square,Fontana | South,5760000,185000,96,1,Centerstone Communities,CalAtlantic,Unimproved,Tentative Tract Map,7/7/2015,2015
Spencer's PA2 N,French Valley,5500000,150000,52,1,Brookfield Homes,Richmond American,Finished,Final Map,7/7/2015,2015
Spencer's PA3 N,French Valley,8924000,147000,92,1,Brookfield Land,Woodside Homes,Finished,Final Map,7/7/2015,2015
IDI 2,Jurupa Valley,23800000,195000,206,2,Wheelock Street Capital,Pulte Homes,Unimproved,Final Map,7/7/2015,2015
Glenrose Ranch,Highland,5725000,120302,118,1,Ridge Crest Real Estate,Richmond American,Unimproved,Improvement Plans,6/24/2015,2015
Summerly | N12,Lake Elsinore | West,2919000,110000,70,1,McMillin Communities,CalAtlantic,Blue Topped,Final Map,6/19/2015,2015
Golden City | PA 2,Murrieta,8701345,147400,90,1,SunCal Companies,DR Horton,Finished,Final Map,5/27/2015,2015
Greenbrier,Grand Terrace,1200000,120000,35,1,Private Investor,Capital Pacific Real Estate Group,Unimproved,Final Map,5/15/2015,2015
Creekside Terrace,Murrieta,5350000,123000,84,1,Ridge Crest Real Estate,Woodside Homes,Partially Improved,Improvement Plans,5/15/2015,2015
Albers,Chino,9550000,180000,149,1,Albers Realty,Lennar Homes,Unimproved,Tentative Tract Map,5/11/2015,2015
Harvest Village B,Jurupa Valley,14625000,165000,106,1,Anthony Vernola,Lennar Homes,Unimproved,Final Map,5/11/2015,2015
Mountain Gate (Phase 2),Menifee | South,1482786,103000,24,1,Strata Equity Group,Woodside Homes,Finished,Final Map,5/1/2015,2015
Mountain Gate (Phase 3),Menifee | South,2347745,103000,38,1,Strata Equity Group,Woodside Homes,Finished,Final Map,5/1/2015,2015
Arbor Lane,Ontario,4900000,118000,114,1,Joe Borba,Trumark Communities,Unimproved,Tentative Tract Map,4/17/2015,2015
Fairway Canyon PA 16,Beaumont | West,7150000,116500,88,1,SunCal Companies,Woodside Homes,Blue Topped,Final Map,3/16/2015,2015
Walnut Grove,Chino,13932000,231000,84,1,John Borba,Frontier Communities,Unimproved,Tentative Tract Map,1/15/2015,2015
River Bend,Jurupa Valley,56269615,200000,464,4,CV Communities,Lennar Homes,Unimproved,Design Review,1/9/2015,2015
Nexus,Eastvale,16006000,145000,220,1,Lewis Communities,William Lyon Homes,Unimproved,Tentative Tract Map,1/6/2015,2015
Trieste,Lake Elsinore | East,1190000,90000,75,1,MBK Homes,Far West Industries,Partially Improved,Tentative Tract Map,12/31/2014,2014
Alasia,Menifee | South,4050000,105000,86,1,Sunwood & Associates,Meritage Homes,Finished,Final Map,12/31/2014,2014
Arrow Place,Upland,7800000,181500,78,1,Warmington Homes,MBK Homes,Unimproved,Improvement Plans,11/21/2014,2014
Rancho Etiwanda Estates,Rancho Cucamonga,28197500,329317,95,1,BCA Development,Benchmark Communities,Partially Improved,Improvement Plans,10/28/2014,2014
Flamingo Dairy,Eastvale,17100000,230000,122,1,McCune & Associates,Lennar Homes,Unimproved,Tentative Tract Map,10/15/2014,2014
Pinnacle II at Roripaugh Ranch,Temecula,12917500,180000,99,1,West Cost Housing Partners,KB Home,Finished,Final Map,10/2/2014,2014
Granite Ridge,Jurupa Valley,3300000,124000,106,1,"DCC Ventures, LLC",Frontier Communities,Unimproved,Improvement Plans,10/1/2014,2014
Canyon Hills,Chino Hills,6400000,384200,76,1,Foremost Communities,Woodbridge Pacific Group,Unimproved,Improvement Plans,9/26/2014,2014
Wildomar 51,Wildomar,3800000,132000,51,1,Rancon Group,Diversified Pacific,Partially Improved,Improvement Plans,9/26/2014,2014
Renaissance at Redhawk,Temecula,6660000,165000,74,1,Cardinal Development,Beazer Homes,Partially Improved,Tentative Tract Map,9/25/2014,2014
Laurel Lane at The Preserve,Chino,13000000,225000,70,1,Lewis Communities,William Lyon Homes,Partially Improved,Improvement Plans,9/18/2014,2014
Whitewood,Murrieta,10527000,122000,184,1,"Garrett Group, LLC",Lennar Homes,Partially Improved,Improvement Plans,9/4/2014,2014
Palisades at The Preserve,Chino,15874000,222000,79,1,Lewis Communities,Woodside Homes,Blue Topped,Final Map,9/2/2014,2014
PA 3 The Preserve,Chino,15840000,184500,114,1,Lewis Communities,KB Home,Unimproved,Improvement Plans,9/1/2014,2014
JP Ranch | PA 1,Calimesa,4777500,113500,65,1,Highpointe Communities,DR Horton,Finished,Final Map,8/14/2014,2014
Golden City | PA 1,Murrieta,6389398,140000,82,1,SunCal Companies,DR Horton,Blue Topped,Improvement Plans,7/30/2014,2014
Villages of Verona,South Corona,16750000,218000,146,2,West Coast Development,TRI Pointe Homes,Unimproved,Improvement Plans,7/29/2014,2014
Cypress & Riverside,Chino,5000000,245000,59,1,Judy Swanson,Frontier Communities,Unimproved,Tentative Tract Map,7/7/2014,2014
Audie Murphy Ranch PA 35,Menifee | South,8500000,123000,94,1,Brookfield Land,KB Home,Finished,Improvement Plans,6/27/2014,2014
Cypress Square,Riverside | East,4100000,128450,76,1,Pinnacle Real Estate Ventures,Meritage Homes,Partially Improved,Tentative Tract Map,6/18/2014,2014
Tuliptree,Riverside | West,6400000,279000,32,1,Richard Ashby,Griffin Residential,Partially Improved,Improvement Plans,6/18/2014,2014
Summerly | N8,Lake Elsinore | West,3609600,126500,64,1,McMillin Communities,CalAtlantic,Blue Topped,Final Map,6/17/2014,2014
Sonata at The Preserve,Chino,12139000,241000,65,1,Lewis Communities,K Hovnanian Homes,Finished,Final Map,6/4/2014,2014
The Estates Collection | Woodcrest,Riverside | West,2250000,235000,30,1,To Be Determined,Diversified Pacific,Unimproved,Improvement Plans,5/28/2014,2014
Heritage Village A,Jurupa Valley,10350000,165000,138,1,Vernola Family,Lennar Homes,Unimproved,Final Map,5/22/2014,2014
Rosena Ranch | Forestar 2,San Bernardino,10278000,167000,68,1,Foremost Communities,DR Horton,Finished,Final Map,5/22/2014,2014
Mountain Gate (Phase 1),Menifee | North,3336269,103000,54,1,Strata Equity Group,Woodside Homes,Finished,Final Map,5/20/2014,2014
Bella Strada,Fontana | South,34600295,165000,376,4,Foremost Communities,DR Horton,Unimproved,Improvement Plans,5/14/2014,2014
Mission Square,Riverside | East,9500000,153225.81,62,1,Private Investor,Frontier Communities,Finished,Final Map,5/7/2014,2014
Azalea,Rancho Cucamonga,4100000,191000,45,1,Jonathan Wilson,Manning Homes,Unimproved,Tentative Tract Map,5/2/2014,2014
Alberhill Ranch - PA 5B,Lake Elsinore | West,2300000,112000,43,1,Castle & Cooke,KB Home,Finished,Final Map,5/1/2014,2015
Canyon Cove PA1,Menifee | South,8250000,125000,112,1,Brookfield Homes,Woodside Homes,Blue Topped,Improvement Plans,5/1/2014,2015
Jurupa IDI | PA 1,Jurupa Valley,27750000,215000,217,2,Wheelock Street Capital,DR Horton,Unimproved,Tentative Tract Map,4/25/2014,2014
Mission Estates,Jurupa Valley,16638000,149000,177,1,Foremost Communities,DR Horton,Finished,Final Map,4/16/2014,2014
Madison Square,Fontana | South,4200000,177000,53,1,MDM Investment Group,Frontier Communities,Unimproved,Final Map,3/12/2014,2014
The Ridge at Cal Oaks,Murrieta,4000000,115000,102,1,CityView,DR Horton,Partially Improved,Improvement Plans,1/30/2014,2014
8th & Sultana,Upland,14000000,150000,209,2,"Kpt Properties, LLC",William Lyon Homes,Unimproved,Tentative Tract Map,1/15/2014,2014
McSweeny 29,Hemet,965000,78000,29,1,Sydney Holdings,Woodside Homes,Finished,Final Map,1/7/2014,2014
Magnolia Heights,Upland,10000000,203000,97,1,Colonies Partners LP,Frontier Communities,Partially Improved,Tentative Tract Map,1/7/2014,2014
Almeria,Fontana | South,600000,122000,27,1,Cornerstone Baptist Church,Frontier Communities,Unimproved,Not Initiated,12/30/2013,2013
Rancon FV 41,French Valley,2250000,168000,41,1,Rancon Group,K Hovnanian Homes,Unimproved,Tentative Tract Map,12/30/2013,2013
Riverwalk Vista | V4,Riverside | West,13300000,195000,111,1,Foremost Communities,Richmond American,Blue Topped,Improvement Plans,12/30/2013,2013
Riverwalk Vista | V5,Riverside | West,6300000,222000,52,1,Foremost Communities,Richmond American,Blue Topped,Improvement Plans,12/30/2013,2013
French Valley 45,French Valley,11139087,160000,132,1,CV Communities,Lennar Homes,Unimproved,Tentative Tract Map,12/27/2013,2013
Lakes at Menifee,Menifee | South,8383024,125000,273,3,CV Communities,Lennar Homes,Partially Improved,Tentative Tract Map,12/27/2013,2013
West Haven,Ontario,35599144,250000,143,1,CV Communities,Lennar Homes,Unimproved,Final Map,12/27/2013,2013
Parkside PA 2,Ontario,13452000,130000,152,1,Brookfield Land,TRI Pointe Homes,Blue Topped,Improvement Plans,12/27/2013,2013
Lake Matthews GCC,Riverside | West,40881598,250000,295,3,CV Communities,Lennar Homes,Unimproved,Final Map,12/27/2013,2013
Walcott,Temecula,3045000,202000,55,1,Walcott Investments,Van Daele Homes,Unimproved,Tentative Tract Map,12/27/2013,2013
North Ranch 84,Wildomar,8727532,120000,84,1,CV Communities,Lennar Homes,Unimproved,Tentative Tract Map,12/27/2013,2013
Summery | N7,Lake Elsinore | West,3850000,107000,78,1,McMillin Communities,Woodside Homes,Blue Topped,Final Map,12/20/2013,2013
Northwood,Fontana | North,8775000,175000,117,1,Blackmon Homes,Lennar Homes,Unimproved,Improvement Plans,12/18/2013,2013
Patterson Ranch,Redlands,2080000,180000,26,1,"Brush Creek Ranch, LLC",Frontier Communities,Unimproved,Tentative Tract Map,12/16/2013,2013
Spring Moutain Ranch | Phase 1,Riverside | East,30800000,145000,435,3,iStar Financial,KB Home,Blue Topped,Final Map,12/13/2013,2013
Marigold,Menifee | South,3738000,133000,42,1,Continental East Trading,Woodside Homes,Finished,Final Map,12/11/2013,2013
Hunter's Ridge,Murrieta,19000000,215000,109,1,PIMCO,Pulte Homes,Finished,Final Map,12/5/2013,2013
Crystal View,Chino Hills,6100000,275000,29,1,Horizon Pacific Holdings,Warmington Residential,Unimproved,Improvement Plans,11/21/2013,2013
Citrus Village,Upland,7560000,300000,42,1,Red Mountain Retail Group,Meritage Homes,Unimproved,Tentative Tract Map,11/20/2013,2013
Audie Murphy Ranch | PA 32 & 33,Menifee | South,11349000,127000,117,1,Brookfield Land,Richmond American,Blue Topped,Final Map,11/13/2013,2013
Audie Murphy Ranch | PA 34,Menifee | South,6210000,135000,69,1,Brookfield Land,Woodside Homes,Finished,Final Map,11/13/2013,2013
Park Place NMC- PA 8,Ontario,8188000,238000,46,1,Stratham & Lewis,CalAtlantic,Blue Topped,Improvement Plans,11/12/2013,2013
Park Place NMC- PA 12,Ontario,8692000,224000,53,1,Stratham & Lewis,KB Home,Blue Topped,Improvement Plans,11/12/2013,2013
Park Place NMC- PA 9,Ontario,10696000,215000,69,1,Stratham & Lewis,KB Home,Blue Topped,Improvement Plans,11/12/2013,2013
Park Place NMC- PA 10,Ontario,9120000,220000,57,1,Stratham & Lewis,TRI Pointe Homes,Blue Topped,Improvement Plans,11/12/2013,2013
Park Place NMC- PA 6,Ontario,12864000,252000,67,1,Stratham & Lewis,TRI Pointe Homes,Blue Topped,Improvement Plans,11/12/2013,2013
Park Place NMC- PA 13,Ontario,10875000,190000,75,1,Stratham & Lewis,Woodside Homes,Partially Improved,Improvement Plans,11/12/2013,2013
Park Place NMC- PA 7,Ontario,13975000,280000,65,1,Stratham & Lewis,Woodside Homes,Blue Topped,Improvement Plans,11/12/2013,2013
Capistrano,French Valley,6750000,162000,60,1,Global Investments,Meritage Homes,Finished,Final Map,11/6/2013,2013
Belamaria,Ontario,14500000,190000,130,1,John Borba,Frontier Communities,Unimproved,Not Initiated,11/5/2013,2013
The Highlands,Riverside | West,16560000,270000,72,1,The Jones Company,DR Horton,Finished,Final Map,11/5/2013,2013
Meridian,Rancho Cucamonga,9118000,202000,94,1,Jeff Lee,KB Home,Unimproved,Tentative Tract Map,10/21/2013,2013
Sierra Crest,Fontana | North,11220000,173000,187,3,Lewis Communities,Meritage Homes,Unimproved,Final Map,10/20/2013,2013
Alberhill Ranch | 28214-5,Lake Elsinore | West,5214000,119000,66,1,Castle & Cooke,KB Home,Finished,Final Map,10/18/2013,2013
Mango Fontana,Fontana | South,400000,135000,20,1,Palm Investment Group,Frontier Communities,Unimproved,Tentative Tract Map,10/11/2013,2013
Primrose,Fontana | South,1150000,157500,20,1,Oakwood Investments LLC,Frontier Communities,Unimproved,Conceptual,10/11/2013,2013
Charleston Estates,Redlands,1700000,215000,15,1,Hamid Roknian,Melia Homes,Unimproved,Tentative Tract Map,10/3/2013,2013
Sycamore Creek | 15B,Corona,17365000,211000,87,1,Foremost Communities,TRI Pointe Homes,Finished,Final Map,9/30/2013,2013
Riverwalk Vista | Topaz II,Riverside | West,7682000,227500,49,1,Foremost Communities,TRI Pointe Homes,Blue Topped,Improvement Plans,9/30/2013,2013
Bloomington Lane,Rialto,2300000,99000,24,1,Encore Rialto Investments LLC,Frontier Communities,Finished,Final Map,9/25/2013,2013
Bellegrave 300,Jurupa Valley,42000000,225000,300,3,Stratham Group,William Lyon Homes,Unimproved,Improvement Plans,9/18/2013,2013
Ameron,Rancho Cucamonga,13000000,195000,291,3,To Be Determined,Lennar Homes,Unimproved,Tentative Tract Map,9/18/2013,2013
Stratford Ranch 137,Perris,9727000,105000,137,1,Mission Pacific Land Company,Richmond American,Blue Topped,Final Map,9/17/2013,2013
Renaissance at Citrus Heights,Fontana | North,1650000,166000,12,1,"LC Citrus Heights, LLC",Van Daele Homes,Finished,Final Map,9/13/2013,2013
Mosaic Granite,Menifee | South,2500000,100000,55,1,Watt Communities,DR Horton,Finished,Final Map,9/6/2013,2013
Montelena,Rialto,1592000,57000,35,1,Encore Rialto Investments LLC,Frontier Communities,Finished,Final Map,8/30/2013,2013
Sultana,Fontana | South,26082000,166000,332,3,Young Homes,Lennar Homes,Unimproved,Tentative Tract Map,8/20/2013,2013
El Dorado,Menifee | North,30000000,125000,269,3,Rancon Group,Lennar Homes,Finished,Final Map,8/15/2013,2013
Lexington Heights,Riverside | West,9600000,202000,90,1,Everest Holdings,William Lyon Homes,Unimproved,Final Map,8/8/2013,2013
Fairview Pointe,Fontana | South,540000,133750,16,1,Gloria Lushing,Frontier Communities,Unimproved,Not Initiated,8/6/2013,2013
Estancia,Moreno Valley,1750000,101000,55,1,"CI Funding, LLC",Frontier Communities,Blue Topped,Final Map,8/2/2013,2013
Luz del Sol,San Jacinto,3200000,62000,195,2,Private Lender,Frontier Communities,Partially Improved,Final Map,8/1/2013,2013
Morningstar Ranch | Phase 1,French Valley,21250000,165000,170,2,Brookfield Land,CalAtlantic,Finished,Final Map,7/24/2013,2013
Cleveland Square,Eastvale,26961000,217000,207,3,Stratham Group,KB Home,Unimproved,Tentative Tract Map,7/19/2013,2013
Amberhill Estates,Corona,1315000,316000,14,1,Dick Frame,Harmony California,Unimproved,Final Map,7/17/2013,2013
Sycamore Creek | PA 14,Corona,9204000,225000,59,1,Forestar Group,Van Daele Homes,Blue Topped,Final Map,7/2/2013,2013
Providence Pointe,Fontana | South,10455000,128000,205,2,"Kaeding, L.P.",DR Horton,Unimproved,Tentative Tract Map,6/28/2013,2013
The Trails at Eastvale,Eastvale,32687350,223000,224,2,Richland Communities,DR Horton,Unimproved,Tentative Tract Map,6/25/2013,2013
Stellan Ridge,Riverside | West,7000000,285000,48,1,Mission Pacific Land Company,Warmington Residential,Partially Improved,Final Map,6/25/2013,2013
North Valley Village,Eastvale,33600000,225000,224,2,Van Daele Development,DR Horton,Unimproved,Final Map,6/24/2013,2013
The Colony at University Park,San Bernardino,1350000,111000,22,1,University Park Holdings,Frontier Communities,Blue Topped,Final Map,6/13/2013,2013
Maple Heights II,Rialto,770000,125200,17,1,Chau Property Development Co LLC,Frontier Communities,Unimproved,Not Initiated,5/7/2013,2013
Rosena Ranch 73,San Bernardino,8468000,137000,73,1,Foremost Communities,CalAtlantic,Finished,Final Map,5/1/2013,2013
Maple Heights,Rialto,1400000,119000,20,1,S&S Homes,Frontier Communities,Unimproved,Tentative Tract Map,4/16/2013,2013
Accacia at Sundance,Beaumont | East,3296000,111500,64,1,Pardee Homes,Richmond American,Blue Topped,Final Map,4/3/2013,2013
Alberhill Ranch 5AA,Lake Elsinore | West,2928000,101000,48,1,Castle & Cooke,CalAtlantic,Finished,Final Map,3/26/2013,2013
Paseo del Sol HD,Temecula,7900000,125000,186,2,Brehm Communities,TRI Pointe Homes,Partially Improved,Tentative Tract Map,3/26/2013,2013
Hughes 81,Redlands,3000000,110000,81,1,Everett Hughes,Diversified Pacific,Unimproved,Tentative Tract Map,3/15/2013,2013
Mahogany Village,Menifee | North,3000000,104000,108,1,Continental East Trading,DR Horton,Blue Topped,Improvement Plans,3/11/2013,2013
Summerly | N2,Lake Elsinore | West,1320413,68750,106,1,McMillin Communities,CalAtlantic,Finished,Final Map,3/1/2013,2013
Summerly | N3,Lake Elsinore | West,2153531,85500,76,1,McMillin Communities,Meritage Homes,Blue Topped,Final Map,3/1/2013,2013
Preserve 63,Chino,8515899,160000,64,1,Lewis Communities,KB Home,Finished,Improvement Plans,1/15/2013,2013
Atherton - CAA,Temecula,4250000,191000,62,1,Highpointe Communities,CalAtlantic,Unimproved,Improvement Plans,1/3/2013,2013
Atherton - LEN,Temecula,4250000,191000,62,1,Highpointe Communities,Lennar Homes,Unimproved,Improvement Plans,1/3/2013,2013
Sweetwater Ranch (entire),French Valley,6784000,105000,128,1,Continental East Trading,Meritage Homes,Finished,Improvement Plans,12/28/2012,2012
Spencers Crossing 38,French Valley,2146500,103000,38,1,Brookfield Land,Richmond American,Blue Topped,Improvement Plans,12/28/2012,2012
Parkside PA 1,Ontario,10226187,155526,93,1,Brookfield Land,KB Home,Blue Topped,Improvement Plans,12/28/2012,2012
Parkside PA 3,Ontario,7300000,180714,57,1,Brookfield Land,KB Home,Blue Topped,Improvement Plans,12/28/2012,2012
Terracina - CAA,Temecula,10749625,191000,103,1,Highpointe Communities,CalAtlantic,Unimproved,Improvement Plans,12/28/2012,2012
Terracina - LEN,Temecula,10749625,191000,103,1,Highpointe Communities,Lennar Homes,Unimproved,Improvement Plans,12/28/2012,2012
Audie Murphy Ranch PA 25,Menifee | South,3720000,91000,93,1,Brookfield Land,Richmond American,Finished,Improvement Plans,12/12/2012,2012
Vernola Etiwanda,Rancho Cucamonga,3100000,175000,43,1,Vernola Family,Lennar Homes,Unimproved,Tentative Tract Map,12/5/2012,2012
Morgan Valley,Temecula,2775000,160000,59,1,Gary Cox & Friends,DR Horton,Unimproved,Final Map,11/27/2012,2012
Roripaugh Ranch PA1,Temecula,8632000,133000,98,1,Wingsweep,KB Home,Finished,Final Map,11/19/2012,2012
Andalusia II,Wildomar,2200000,110000,44,1,Sabal Financial,Lennar Homes,Blue Topped,Final Map,11/15/2012,2012
Vila Borba,Chino Hills,46000000,260000,501,4,Mary Parente,CalAtlantic,Unimproved,Improvement Plans,10/17/2012,2012
Sycamore Creek | 15A,Corona,8536220,130000,115,1,Foremost Communities,Woodside Homes,Blue Topped,Final Map,10/17/2012,2012
Pharris Fields,Jurupa Valley,13767576,152425,203,2,Pharris Properties,Lennar Homes,Unimproved,Tentative Tract Map,10/12/2012,2012
Redlands Summit,Redlands,850000,174000,6,1,Capstone Advisors,GFR Homes,Finished,Final Map,10/10/2012,2012
The Enclave | 2nd Take,Eastvale,24395000,150000,245,4,Lewis Communities,KB Home,Blue Topped,Final Map,10/5/2012,2012
Hearthside Lane,Eastvale,9319500,177500,63,1,Foremost Communities,Beazer Homes,Finished,Final Map,10/2/2012,2012
Riverwalk Vista | Village 3,Riverside | West,3060000,107000,42,1,Artisan Communities,Woodside Homes,Finished,Final Map,8/31/2012,2012
Wildomar 23,Wildomar,600000,98995,67,1,US Bank,Lennar Homes,Unimproved,Design Review,6/25/2012,2012
The Palms,Eastvale,11760000,170000,196,2,Altfilich Construction,Lennar Homes,Unimproved,Design Review,6/15/2012,2012
Stable Falls,Rancho Cucamonga,3000000,210000,30,1,Ashco,Lennar Homes,Unimproved,Tentative Tract Map,4/18/2012,2012
Chardonnay Hills,Temecula,815000,139405,42,1,Home Bank of CA,Lennar Homes,Unimproved,Tentative Tract Map,4/5/2012,2012
Walnut III,Fontana | South,6650000,120000,74,1,Young Homes,DR Horton,Finished,Final Map,3/15/2012,2012
Harvest,Rancho Cucamonga,10100000,166500,119,2,Lewis Communities,Beazer Homes,Unimproved,Tentative Tract Map,2/28/2012,2012
Roripaugh Ranch PA 4A,Temecula,10700000,147500,100,1,HRA Real Estate Management,CalAtlantic,Finished,Final Map,2/27/2012,2012
Roripaugh Ranch PA3,Temecula,8662500,140000,99,1,HRA Real Estate Management,CalAtlantic,Finished,Final Map,2/17/2012,2012
Roripaugh Ranch PA 4B,Temecula,7980000,140000,114,1,Sunwood & Associates,Van Daele Homes,Blue Topped,Final Map,2/17/2012,2012
Andalusia I,Wildomar,2114000,90000,55,1,US Bank,Lennar Homes,Finished,Final Map,12/27/2011,2011
Spencer's Crossing 88,French Valley,5155920,90000,88,1,Brookfield Land,DR Horton,Finished,Final Map,12/22/2011,2011
Richland 173,Eastvale,14186000,170000,173,2,Richland Communities,DR Horton,Unimproved,Final Map,11/30/2011,2011
Auburn Lane,Chino,4434500,125000,43,1,OneWest Bank,DR Horton,Finished,Final Map,10/24/2011,2011
Victoria Meadows,Rancho Cucamonga,2190000,140000,32,1,Karros Fund LP,Crestwood Homes,Unimproved,Final Map,9/21/2011,2011
The Retreat | PA 14,Corona,3337500,206875,20,1,Central Pacific Bank,CalAtlantic,Finished,Final Map,8/24/2011,2011
Riverwalk Vista | Village 2,Riverside | West,4603000,130000,36,1,Bank of the West,TRI Pointe Homes,Finished,Final Map,7/20/2011,2011
Riverwalk Vista | Village 3,Riverside | West,7000000,105000,42,1,City National Bank,Artisan Communities,Finished,Final Map,7/1/2011,2011
Westerly Place 27,Perris,338000,90000,27,1,Kaufman Capital,Woodside Homes,Finished,Final Map,6/30/2011,2011
Aspen Creek,Beaumont | West,3850000,75000,77,1,Loma Verde,RSI Communities,Finished,Final Map,6/16/2011,2011
Riverwalk Vista | Village 1,Riverside | West,7109000,160000,68,1,Wachovia Bank,TRI Pointe Homes,Finished,Final Map,4/1/2011,2011
Paseos,French Valley,3651500,68000,122,1,Rancon Group,DR Horton,Partially Improved,Final Map,3/31/2011,2011
Sundance | PA 18,Beaumont | East,4500000,90000,71,1,Pardee Homes,Richmond American,Finished,Final Map,3/30/2011,2011
Summerly | N6,Lake Elsinore | West,3762000,90000,66,1,McMillin Communities,Beazer Homes,Finished,Final Map,3/30/2011,2011
Rancho Vista II,Wildomar,4274963,100000,77,1,US Bank,Meritage Homes,Partially Improved,Final Map,3/26/2011,2011
Palmilla San Jacinto Oaks,San Jacinto,418000,42000,31,1,"San Jacinto Oaks, LLC",Osborne Development,Finished,Final Map,3/11/2011,2011
The Pinnacle at University Hills,San Bernardino,4320000,130000,54,1,Watson & Associates,DR Horton,Finished,Final Map,2/23/2011,2011
Spencer's Crossing,French Valley,4500000,100000,68,1,Brookfield Land,Woodside Homes,Finished,Final Map,1/20/2011,2011
Alberhill Ranch 5A,Lake Elsinore | West,2805000,95000,51,1,Castle & Cooke,CalAtlantic,Finished,Final Map,12/30/2010,2010
Northstar at Summerly,Lake Elsinore | West,4264000,92500,74,1,McMillin Communities,Richmond American,Finished,Final Map,12/30/2010,2010
Mosaico,San Jacinto,540000,50000,43,1,Distinguished Homes,Pacific Communities,Finished,Final Map,12/30/2010,2010
Tava 63,Rancho Cucamonga,7875000,240000,63,1,TAVA Development,K Hovnanian Homes,Unimproved,Tentative Tract Map,12/15/2010,2010
Eastvale Grove (Collinsworth),Eastvale,20000012,157522,203,2,Lennar Homes,Pulte Homes,Partially Improved,Final Map,11/30/2010,2010
Morgan's Run,Fontana | South,5940000,145000,66,1,Crestwood Homes,Meritage Homes,Finished,Final Map,11/18/2010,2010
La Sierra Villas,Riverside | East,4000000,96492,63,1,Steven Walker Homes,KB Home,Partially Improved,Improvement Plans,11/18/2010,2010
Gallery Oaks,Menifee | South,1265000,95000,23,1,Cordes and Company,Pacific Communities,Finished,Final Map,11/9/2010,2010
River Road,Eastvale,5500000,162500,92,1,Spectrum Communities,Meritage Homes,Unimproved,Final Map,11/2/2010,2010
Ironwood Estates,Rancho Cucamonga,10200000,186000,81,1,Granite Homes,Meritage Homes,Unimproved,Tentative Tract Map,10/21/2010,2010
Crafton Hills,Yucaipa,5700000,130000,76,1,To Be Determined,Beazer Homes,Finished,Final Map,10/15/2010,2010
Marvilla,Temecula,8200000,100000,221,1,American Property Enterprises,Woodside Homes,Partially Improved,Final Map,10/14/2010,2010
Crown Valley Village,French Valley,8000000,110000,177,2,Richland Communities,KB Home,Blue Topped,Final Map,10/5/2010,2010
Meridian,Chino,14877000,157000,171,2,Bank of the West,KB Home,Finished,Final Map,10/1/2010,2010
Chino College Park - CAA,Chino,33750000,127734.38,640,6,iStar Financial,CalAtlantic,Partially Improved,Improvement Plans,9/23/2010,2010
Chino College Park - LEN,Chino,33750000,127734.38,640,6,iStar Financial,Lennar Homes,Partially Improved,Improvement Plans,9/23/2010,2010
Kona I & II,French Valley,4980000,110000,83,1,To Be Determined,Meritage Homes,Finished,Final Map,9/15/2010,2010
The Enclave | 1st Take,Eastvale,22500000,145000,245,4,Lewis Communities,KB Home,Blue Topped,Final Map,9/9/2010,2010
Terra Bella,Menifee | South,4500000,108000,61,1,Capstone Advisors,Beazer Homes,Finished,Final Map,8/27/2010,2010
Citrus II,Fontana | South,600000,145000,56,1,Bank of America,Meritage Homes,Unimproved,Tentative Tract Map,8/18/2010,2010
Citrus III,Fontana | South,2720000,145000,32,1,Bank of America,Meritage Homes,Blue Topped,Improvement Plans,8/18/2010,2010
Oak Estates,Corona,1400000,190000,10,1,First Citizens Bank,Meritage Homes,Finished,Final Map,7/29/2010,2010
Lantana,Murrieta,3003000,98000,91,1,Ion Communities,DR Horton,Blue Topped,Final Map,7/15/2010,2010
Victoria Arbors 31,Rancho Cucamonga,3113500,217000,31,1,To Be Determined,Richmond American,Unimproved,Tentative Tract Map,7/15/2010,2010
Tournament Hills PA 7,Beaumont | West,7174000,87960,111,1,Pardee Homes,Richmond American,Finished,Final Map,6/16/2010,2010
Cimarron,Menifee | North,7000000,109043.93,774,1,Bank Midwest,Van Daele Homes,Partially Improved,Tentative Tract Map,6/16/2010,2010
Monument Park,Perris,17400000,93000,337,3,US Bank,KB Home,Partially Improved,Final Map,6/7/2010,2010
Shady Trails,Fontana | North,14500000,145000,273,3,Lewis Communities,KB Home,Blue Topped,Improvement Plans,6/4/2010,2010
Collinsworth,Eastvale,17952000,168000,204,1,Richland Communities,Lennar Homes,Unimproved,Final Map,5/28/2010,2010
Cypress at Canyon Hills,Lake Elsinore | East,8868045,93000,131,1,Pardee Homes,Richmond American,Finished,Final Map,5/19/2010,2010
Savannah,Moreno Valley,6834000,109735,98,1,Richland Communities,RSI Communities,Blue Topped,Final Map,5/19/2010,2010
ForestGate,Corona,9361000,160000,67,1,Stratham Group,Meritage Homes,Finished,Final Map,5/12/2010,2010
Sereno Heights,Moreno Valley,1050000,74384,26,1,Distinguished Homes,Beazer Homes,Finished,Final Map,4/21/2010,2010
Marsden II,Menifee | South,750000,85000,15,1,Capital Pacific Real Estate Group,Richmond American,Finished,Final Map,4/13/2010,2010
Spencer's Crossing 103,French Valley,6695000,100000,103,1,Brookfield Land,Van Daele Homes,Finished,Final Map,4/12/2010,2010
Orchard Heights at Lake Hills,Riverside | West,13100000,195823,79,1,Warmington Residential,Richmond American,Finished,Final Map,4/7/2010,2010
Morgan Hill,Temecula,18500000,130000,351,4,Chase Bank,CalAtlantic,Partially Improved,Final Map,4/2/2010,2010
Paseo del Sol | PA 3,Temecula,4373500,122660,100,1,Newland Communities,CalAtlantic,Blue Topped,Final Map,3/26/2010,2010
Paseo del Sol | PA 2,Temecula,3580500,99457,118,1,Newland Communities,KB Home,Blue Topped,Final Map,3/26/2010,2010
Paseo del Sol | PA 1,Temecula,2904500,110863,73,1,Newland Communities,Lennar Homes,Blue Topped,Final Map,3/26/2010,2010
Rancho Vista II,Wildomar,2781000,90000,29,1,US Bank,DR Horton,Finished,Final Map,3/26/2010,2010
Madison at Rosetta Canyon,Lake Elsinore | East,7263718,76000,113,1,Pulte Homes,Richmond American,Finished,Final Map,3/24/2010,2010
Orchard Glen,Corona,12150000,185000,90,1,Farrallon Capital Management,CalAtlantic,Finished,Final Map,3/17/2010,2010
Sienna,Eastvale,6160000,132000,56,1,Regent Properties,Richmond American,Finished,Final Map,3/17/2010,2010
Mission Ranch 29696,Riverside | West,6380000,95000,116,1,Farrallon Capital Management,CalAtlantic,Finished,Final Map,3/17/2010,2010
Hemmingway at Redhawk,Temecula,5162500,127500,59,1,Farrallon Capital Management,CalAtlantic,Finished,Final Map,3/17/2010,2010
Stratford at Redhawk,Temecula,4560000,106000,57,1,Farrallon Capital Management,Richmond American,Finished,Final Map,3/17/2010,2010
Etiwanda Estates 97,Rancho Cucamonga,12870000,177680,97,1,Regent Properties,CalAtlantic,Finished,Final Map,3/12/2010,2010
The Retreat,Corona,11935000,195000,77,1,"Pacific Terra Holdings, LLC",CalAtlantic,Finished,Final Map,3/10/2010,2010
Canyon Village,Wildomar,1170000,85000,34,1,Century American,DR Horton,Finished,Final Map,2/26/2010,2010
Crestview at Rosetta Hills,Lake Elsinore | East,2231775,86355,65,1,"Shopoff Group, The",DR Horton,Finished,Final Map,2/17/2010,2010
Kenton Place,Murrieta,4100000,120000,41,1,Capital Pacific Real Estate Group,KB Home,Finished,Final Map,2/17/2010,2010
Harveston,Temecula,12010432,115000,180,3,Clearview Investments,Richmond American,Partially Improved,Final Map,2/17/2010,2010
Etiwanda Estates,Rancho Cucamonga,13825000,185000,79,1,Regent Properties,K Hovnanian Homes,Finished,Final Map,2/10/2010,2010
Rancho Bella Vista,Temecula,9800000,113725,714,8,"Garrett Group, LLC",Lennar Homes,Unimproved,Specific Plan,1/20/2010,2010
Traditions,Riverside | West,1725000,130000,26,1,Guaranty Bank,TRI Pointe Homes,Finished,Final Map,1/15/2010,2010
Marsden,Menifee | South,3566000,83000,54,1,Saybrook Community Capital,Richmond American,Finished,Final Map,12/23/2009,2009
Cimarron Trail,Eastvale,11011000,156793,77,1,Cal National Bank,KB Home,Finished,Final Map,12/18/2009,2009
Hearthside Lane,Eastvale,8351000,148000,71,1,Foremost Communities,Meritage Homes,Finished,Final Map,12/17/2009,2009
Whisper Ridge,Corona,1791960,87000,40,1,GMAC ResCap,Richmond American,Finished,Final Map,12/9/2009,2009
Spencer's Crossing,French Valley,4000000,87000,71,1,Brookfield Land,Richmond American,Finished,Final Map,12/9/2009,2009
Bridgegate,Lake Elsinore | East,4550000,83925,93,1,Pardee Homes,Richmond American,Finished,Final Map,12/9/2009,2009
Ruffino at Morgan Hill,Temecula,5200000,127500,56,1,McMillin Communities,Richmond American,Finished,Final Map,10/14/2009,2009
Woodhaven,Beaumont | East,1755000,60000,62,1,"Hearthside Homes, Inc.",Richmond American,Finished,Final Map,9/24/2009,2009
Stratford at Township,Eastvale,10500000,130962,104,1,US Bank,Richmond American,Finished,Final Map,9/24/2009,2009
Montevina at Morgan Hill,Temecula,5278000,115000,65,1,McMillin Communities,Meritage Homes,Finished,Final Map,9/24/2009,2009
Meadowside,Eastvale,3612000,95150,80,1,GMAC ResCap,Lennar Homes,Finished,Final Map,7/31/2009,2009
Trenton Square,Eastvale,7488000,110000,96,1,Chase Bank,CalAtlantic,Finished,Final Map,7/15/2009,2009
Marsden III,Menifee | South,800000,80000,103,1,"MCA Financial Group, Ltd.",RSI Communities,Blue Topped,Improvement Plans,7/15/2009,2009
ForestGate,Corona,2010000,80000,67,1,California Bank & Trust,Stratham Group,Finished,Final Map,4/15/2009,2009
The Woods,Winchester,7200000,130000,123,1,Avanti Investments,DR Horton,Finished,Improvement Plans,9/18/2018,2018
Harvest Preserve - Autumn & Olive Grove II,Chino,24600000,230000,150,2,Lewis Communities,Lennar Homes,Blue Topped,Final Map,9/10/2018,2018
Esperanza Phase II,Ontario,0,180000,289,3,GDC Communities,Lennar Homes,Unimproved,Final Map,9/5/2018,2018
Blue Ribbon KB 97,Moreno Valley,0,145000,97,1,blue ribbon enterprises,KB Home,Unimproved,Improvement Plans,8/31/2018,2018
The Villas at Summerwind Trails,Calimesa,4918427,136480,80,1,SunCal Companies,Meritage Homes,Blue Topped,Final Map,8/29/2018,2018
Winchester Ridge,Winchester,7000000,136000,377,3,Capstone Advisors,DR Horton,Partially Improved,Tentative Tract Map,8/21/2018,2018
Lugonia Judson 105,Redlands,13650000,215000,105,1,Newbridge Homes,KB Home,Unimproved,Tentative Tract Map,8/3/2018,2018
Sierra Crest II,Fontana | North,15382500,170000,179,3,Lewis Communities,K Hovnanian Homes,Unimproved,Final Map,7/28/2018,2018
Spring Mountain West,Riverside | West,4350000,136000,72,1,The Shopoff Group,Lennar Homes,Partially Improved,Tentative Tract Map,7/6/2018,2018
Lakeshore Village,Lake Elsinore | West,2450000,96000,146,10,Sunwood Ventures,Pardee Homes,Unimproved,Tentative Tract Map,6/29/2018,2018
Orchard Park,Loma Linda,22400000,235000,224,1,Highpointe Communities,Lennar Homes,Unimproved,Improvement Plans,6/28/2018,2018
Monte Vista Ranch,Wildomar,4508000,176000,70,1,Pacific Cove Investments,KB Home,Unimproved,Final Map,6/28/2018,2018
Neighborhood 19 at Summerly,Lake Elsinore | East,5780208,155000,58,1,Pacific Ventures,DR Horton,Blue Topped,Final Map,6/28/2018,2018
Bouma Preserve,Chino,30000000,235000,200,2,Richland Communities,Lennar Homes,Unimproved,Tentative Tract Map,6/20/2018,2018
Spring Mountain Ranch | Phase 3,Riverside | West,52000000,184000,638,6,iStar Financial,KB Home,Partially Improved,Final Map,6/18/2018,2018
Nova at Bedford Canyon,Corona,19050000,245024,96,1,The New Home Company,Woodside Homes,Blue Topped,Final Map,6/15/2018,2018
Sausalito Home Gardens,Corona,6172500,188000,65,1,Planet Home Living,Woodside Homes,Unimproved,Improvement Plans,6/12/2018,2018
Pulte Harada 75,Eastvale,13574545,255000,75,1,Harada Exemption Trust,Pulte Homes,Unimproved,Final Map,6/6/2018,2018
Park Place NMC - PA 19,Ontario,6737500,175000,60,1,Stratham & Lewis,KB Home,Blue Topped,Improvement Plans,6/4/2018,2018
El Paseo,Fontana | North,17200000,151369,241,2,Griffin Residential,KB Home,Unimproved,Tentative Tract Map,6/1/2018,2018
Avenue 176,Ontario,27280000,255000,176,2,Distinguished Homes,Lennar Homes,Unimproved,Final Map,6/1/2018,2018
Summerwind Bungalows,Calimesa,10322935,125000,161,1,SunCal Companies,DR Horton,Blue Topped,Improvement Plans,5/30/2018,2018
Neighborhood 18 at Summerly,Lake Elsinore | East,5185000,153000,58,1,Pacific Ventures,Beazer Homes,Blue Topped,Final Map,5/18/2018,2018
Lennar Harvest Phase II,Upland,26161000,188000,193,2,Lewis Communities,Lennar Homes,Partially Improved,Final Map,5/18/2018,2018
Underwood KB,Menifee | South,17400000,140000,512,5,CV Communities,KB Home,Unimproved,Improvement Plans,3/21/2018,2018
Menifee Town Center Courtyard,Menifee | South,7437500,119500,125,1,Regent Properties,Lennar Homes,Partially Improved,Design Review,3/15/2018,2018
Harvest Phase II,Upland,0,188000,150,2,Lewis Communities,CalAtlantic Homes,Partially Improved,Improvement Plans,3/15/2018,2018
Menifee Town Center Towns,Menifee | North,8218600,87700,218,1,Regent Properties,Lennar Homes,Partially Improved,Design Review,3/15/2018,2018
Menifee Town Center PA 5,Menifee | North,10000000,129355,155,2,Regent Properties,RSI Communities,Partially Improved,Design Review,3/15/2018,2018
Roripaugh Ranch,Temecula,39000000,190000,1300,10,Sabal Financial,Woodside Homes,Partially Improved,Tentative Tract Map,3/6/2018,2018
Colonies PA 22,Upland,5050000,180000,49,1,Colonies Partners LP,Watt Communities,Partially Improved,Tentative Tract Map,3/2/2018,2018
Spencers Crossing PA 22,French Valley,0,0,68,1,Brookfield Residential,TBD,Finished,Final Map,2/15/2018,2018
Sendero - PA 1,Eastvale,13192000,157000,136,1,Stratham Group,Lennar Homes,Blue Topped,Improvement Plans,2/15/2018,2018
Sendero - PA 2,Eastvale,11520000,188000,94,1,Stratham Group,Lennar Homes,Blue Topped,Improvement Plans,2/15/2018,2018
Sendero - PA 3,Eastvale,0,0,82,1,Stratham Group,Century Communities,Blue Topped,Improvement Plans,2/15/2018,2018
Green Valley 169,Perris,0,135000,169,2,Raintree Partners,Lennar Homes,Unimproved,Improvement Plans,2/15/2018,2018
Talavera,Menifee | South,5300000,138000,173,2,True Life Communities,KB Home,Blue Topped,Improvement Plans,2/14/2018,2018
Mosaic Menifee,Menifee | South,0,143000,63,1,Watt Communities,Pulte Homes,Blue Topped,Final Map,2/6/2018,2018
Pleasant Valley,Winchester,10000000,114000,202,2,"Watermarke Properties, Inc.",RSI Communities,Partially Improved,Final Map,2/1/2018,2018
Neighborhood 17 at Summerly,Lake Elsinore | East,5420600,147000,65,1,Pacific Ventures,Richmond American,Blue Topped,Final Map,1/30/2018,2018
Citrus 105,Fontana | North,16100000,220000,105,1,Grand Pacific Communities,Pulte Homes,Unimproved,Improvement Plans,1/24/2018,2018
Summerwind PA7 & PA8,Calimesa,13650000,135000,246,2,SunCal Companies,Lennar Homes,Blue Topped,Improvement Plans,1/23/2018,2018
French Valley South,French Valley,0,180000,230,4,Mission Pacific Land Company,Lennar Homes,Partially Improved,Improvement Plans,1/17/2018,2018
Countryside Phase III,Ontario,5123485,195000,39,2,Foremost Communities,DR Horton,Finished,Final Map,1/11/2018,2018
Prado,Eastvale,21277500,184000,243,1,Lewis Communities,Lennar Homes,Unimproved,Final Map,1/10/2018,2018
Brewart Chino 127,Chino,17934000,240000,127,2,Stratham Group,Century Communities,Unimproved,Tentative Tract Map,1/9/2018,2018
Alderwood | PA 4B,Murrieta,7384283,154000,64,1,SunCal Companies,DR Horton,Finished,Improvement Plans,1/7/2018,2018
